ST,STATE,ST_ABBR,COUNTY,FIPS,LOCATION,AREA_SQMI,E_TOTPOP,M_TOTPOP,E_HU,M_HU,E_HH,M_HH,E_POV,M_POV,E_UNEMP,M_UNEMP,E_PCI,M_PCI,E_NOHSDP,M_NOHSDP,E_AGE65,M_AGE65,E_AGE17,M_AGE17,E_DISABL,M_DISABL,E_SNGPNT,M_SNGPNT,E_MINRTY,M_MINRTY,E_LIMENG,M_LIMENG,E_MUNIT,M_MUNIT,E_MOBILE,M_MOBILE,E_CROWD,M_CROWD,E_NOVEH,M_NOVEH,E_GROUPQ,M_GROUPQ,EP_POV,MP_POV,EP_UNEMP,MP_UNEMP,EP_PCI,MP_PCI,EP_NOHSDP,MP_NOHSDP,EP_AGE65,MP_AGE65,EP_AGE17,MP_AGE17,EP_DISABL,MP_DISABL,EP_SNGPNT,MP_SNGPNT,EP_MINRTY,MP_MINRTY,EP_LIMENG,MP_LIMENG,EP_MUNIT,MP_MUNIT,EP_MOBILE,MP_MOBILE,EP_CROWD,MP_CROWD,EP_NOVEH,MP_NOVEH,EP_GROUPQ,MP_GROUPQ,EPL_POV,EPL_UNEMP,EPL_PCI,EPL_NOHSDP,SPL_THEME1,RPL_THEME1,EPL_AGE65,EPL_AGE17,EPL_DISABL,EPL_SNGPNT,SPL_THEME2,RPL_THEME2,EPL_MINRTY,EPL_LIMENG,SPL_THEME3,RPL_THEME3,EPL_MUNIT,EPL_MOBILE,EPL_CROWD,EPL_NOVEH,EPL_GROUPQ,SPL_THEME4,RPL_THEME4,SPL_THEMES,RPL_THEMES,F_POV,F_UNEMP,F_PCI,F_NOHSDP,F_THEME1,F_AGE65,F_AGE17,F_DISABL,F_SNGPNT,F_THEME2,F_MINRTY,F_LIMENG,F_THEME3,F_MUNIT,F_MOBILE,F_CROWD,F_NOVEH,F_GROUPQ,F_THEME4,F_TOTAL,E_UNINSUR,M_UNINSUR,EP_UNINSUR,MP_UNINSUR,E_DAYPOP
06,CALIFORNIA,CA,Alameda,06001,"Alameda County, California",739.092969318478,1605217.0,0.0,592796.0,480.0,564293.0,1576.0,189590.0,3738.0,61327.0,1656.0,39042.0,316.0,141393.0,2756.0,199699.0,0.0,344212.0,0.0,152814.0,2296.0,44370.0,1270.8,1081420.0,541.0,135883.0,2821.0,125573.0,1726.5,7134.0,467.0,39111.0,1119.8,56950.0,1397.0,33004.0,1275.0,12.0,0.2,7.1,0.2,39042.0,316.0,12.7,0.2,12.4,0.0,21.4,0.0,9.6,0.1,7.9,0.2,67.4,0.0,9.0,0.2,21.2,0.3,1.2,0.1,6.9,0.2,10.1,0.2,2.1,0.1,0.2456,0.2281,0.0877,0.386,0.9474,0.193,0.2807,0.4035,0.1228,0.3509,1.1579,0.0702,0.8772,0.6491,1.5263,0.7719,0.9474,0.0351,0.6491,0.9649,0.4561,3.0526,0.807,6.6842,0.4035,0.0,0.0,0.0,0.0,0.0,0.0,0.0,0.0,0.0,0.0,0.0,0.0,0.0,1.0,0.0,0.0,1.0,0.0,2.0,2.0,133234.0,3679.0,8.4,0.2,1660258.0
06,CALIFORNIA,CA,Alpine,06003,"Alpine County, California",738.340010186566,1184.0,191.0,1771.0,43.0,343.0,69.0,221.0,72.0,55.0,42.0,26783.0,5636.0,70.0,34.0,246.0,82.0,274.0,70.0,277.0,89.0,15.0,17.5,380.0,251.7,11.0,45.1,436.0,78.5,22.0,17.0,6.0,6.7,14.0,10.0,37.0,23.0,18.9,5.0,11.8,7.7,26783.0,5636.0,8.9,3.7,20.8,5.9,23.1,4.6,23.4,5.8,4.4,5.0,32.1,20.6,1.0,4.0,24.6,4.4,1.2,1.0,1.7,1.9,4.1,2.7,3.1,1.9,0.6667,0.8246,0.5263,0.0877,2.1053,0.5614,0.807,0.6316,0.9825,0.0351,2.4561,0.7895,0.3333,0.0702,0.4035,0.2105,0.9649,0.0351,0.0702,0.1404,0.7193,1.9298,0.193,6.8947,0.4737,0.0,0.0,0.0,0.0,0.0,0.0,0.0,1.0,0.0,1.0,0.0,0.0,0.0,1.0,0.0,0.0,0.0,0.0,1.0,2.0,175.0,81.0,14.8,5.9,1123.0
06,CALIFORNIA,CA,Amador,06005,"Amador County, California",594.571433560752,36963.0,0.0,18203.0,169.0,14248.0,470.0,3684.0,577.0,1677.0,381.0,27496.0,1320.0,3351.0,378.0,9142.0,81.0,5745.0,33.0,6302.0,575.0,1020.0,208.0,7527.0,7.0,570.0,194.3,505.0,144.6,1154.0,182.0,262.0,108.9,539.0,129.0,3981.0,350.0,11.2,1.7,11.6,2.5,27496.0,1320.0,11.7,1.3,24.7,0.2,15.5,0.1,19.1,1.8,7.2,1.4,20.4,0.0,1.6,0.5,2.8,0.8,6.3,1.0,1.8,0.8,3.8,0.9,10.8,0.9,0.193,0.7544,0.5088,0.3158,1.7719,0.4561,0.9298,0.0351,0.8246,0.2807,2.0702,0.5263,0.1404,0.1579,0.2982,0.1404,0.1754,0.5088,0.1053,0.0526,0.9474,1.7894999999999999,0.1404,5.9298,0.2105,0.0,0.0,0.0,0.0,0.0,1.0,0.0,0.0,0.0,1.0,0.0,0.0,0.0,0.0,0.0,0.0,0.0,1.0,1.0,2.0,2323.0,417.0,7.0,1.3,34510.0
06,CALIFORNIA,CA,Butte,06007,"Butte County, California",1636.463729578986,223877.0,0.0,97513.0,307.0,85505.0,991.0,46456.0,1935.0,10933.0,901.0,25077.0,550.0,16950.0,848.0,38145.0,49.0,45472.0,102.0,38196.0,1357.0,6728.0,568.5,59479.0,199.0,5233.0,503.9,7684.0,537.6,12336.0,570.0,2515.0,342.5,5978.0,588.0,5691.0,773.0,21.3,0.9,10.7,0.8,25077.0,550.0,11.7,0.6,17.0,0.1,20.3,0.0,17.2,0.6,7.9,0.7,26.6,0.1,2.5,0.2,7.9,0.6,12.7,0.6,2.9,0.4,7.0,0.7,2.5,0.3,0.807,0.6491,0.614,0.3158,2.386,0.6491,0.6316,0.2807,0.7193,0.3684,2.0,0.4211,0.2456,0.2807,0.5263,0.2632,0.5789,0.8772,0.2456,0.7018,0.614,3.0175,0.7368,7.9298,0.614,0.0,0.0,0.0,0.0,0.0,0.0,0.0,0.0,0.0,0.0,0.0,0.0,0.0,0.0,0.0,0.0,0.0,0.0,0.0,0.0,23714.0,1542.0,10.7,0.7,224926.0
06,CALIFORNIA,CA,Calaveras,06009,"Calaveras County, California",1020.012307649068,44787.0,0.0,28104.0,79.0,17713.0,499.0,5641.0,870.0,1758.0,321.0,30577.0,1558.0,3248.0,415.0,11245.0,211.0,8042.0,104.0,8986.0,678.0,1110.0,239.8,7930.0,54.0,277.0,145.3,381.0,118.8,1996.0,304.0,352.0,119.9,711.0,169.0,516.0,158.0,12.7,2.0,9.6,1.7,30577.0,1558.0,9.6,1.2,25.1,0.5,18.0,0.2,20.2,1.5,6.3,1.3,17.7,0.1,0.6,0.3,1.4,0.4,7.1,1.1,2.0,0.7,4.0,1.0,1.2,0.4,0.3158,0.4912,0.3509,0.1228,1.2807,0.2807,0.9825,0.1579,0.8947,0.1579,2.193,0.5965,0.0702,0.0,0.0702,0.0,0.0351,0.614,0.1404,0.1053,0.1404,1.0351,0.0175,4.5789,0.0877,0.0,0.0,0.0,0.0,0.0,1.0,0.0,0.0,0.0,1.0,0.0,0.0,0.0,0.0,0.0,0.0,0.0,0.0,0.0,1.0,3667.0,555.0,8.3,1.3,34700.0
06,CALIFORNIA,CA,Colusa,06011,"Colusa County, California",1150.727882223214,21361.0,0.0,7939.0,52.0,6962.0,200.0,2859.0,561.0,871.0,205.0,25745.0,2444.0,4278.0,384.0,2780.0,55.0,5936.0,76.0,2665.0,285.0,855.0,186.4,13480.0,22.0,2893.0,360.9,306.0,100.4,518.0,108.0,562.0,136.5,277.0,81.0,221.0,96.0,13.5,2.6,8.7,2.0,25745.0,2444.0,31.9,2.9,13.0,0.3,27.8,0.4,12.6,1.3,12.3,2.7,63.1,0.1,14.6,1.8,3.9,1.3,6.5,1.4,8.1,1.9,4.0,1.2,1.0,0.4,0.3684,0.386,0.5614,0.9825,2.2982,0.6316,0.3509,0.8596,0.4912,0.8772,2.5789,0.8596,0.7544,0.9474,1.7018,0.8772,0.3158,0.5614,0.7719,0.1053,0.0702,1.8246,0.1579,8.4035,0.6491,0.0,0.0,0.0,1.0,1.0,0.0,0.0,0.0,0.0,0.0,0.0,1.0,1.0,0.0,0.0,0.0,0.0,0.0,0.0,2.0,3296.0,399.0,15.6,1.9,22147.0
06,CALIFORNIA,CA,Contra Costa,06013,"Contra Costa County, California",722.756231919232,1107925.0,0.0,406803.0,276.0,387540.0,1199.0,111922.0,3782.0,43374.0,1846.0,40792.0,386.0,82371.0,2183.0,157363.0,76.0,260665.0,0.0,121691.0,2434.0,31684.0,1330.2,603133.0,632.0,69034.0,2175.7,49726.0,1410.4,6744.0,494.0,17893.0,978.0,22860.0,1048.0,10307.0,648.0,10.2,0.3,7.7,0.3,40792.0,386.0,10.9,0.3,14.2,0.1,23.5,0.0,11.0,0.2,8.2,0.3,54.4,0.1,6.6,0.2,12.2,0.3,1.7,0.1,4.6,0.3,5.9,0.3,0.9,0.1,0.1228,0.2982,0.0702,0.2281,0.7193,0.0702,0.4912,0.6491,0.2807,0.4561,1.8772,0.4035,0.6316,0.4737,1.1053,0.5439,0.7719,0.1053,0.4211,0.4561,0.0175,1.7719,0.1053,5.4737,0.1404,0.0,0.0,0.0,0.0,0.0,0.0,0.0,0.0,0.0,0.0,0.0,0.0,0.0,0.0,0.0,0.0,0.0,0.0,0.0,0.0,93620.0,3142.0,8.5,0.3,971147.0
06,CALIFORNIA,CA,Del Norte,06015,"Del Norte County, California",1006.220505984134,27628.0,0.0,11326.0,100.0,9443.0,359.0,5219.0,655.0,1041.0,265.0,20282.0,1417.0,3461.0,318.0,4222.0,91.0,5855.0,0.0,5423.0,463.0,1037.0,222.5,10201.0,46.0,537.0,162.2,387.0,133.3,2043.0,235.0,378.0,111.7,961.0,196.0,3523.0,252.0,21.7,2.7,10.4,2.6,20282.0,1417.0,17.8,1.6,15.3,0.3,21.2,0.0,22.5,2.0,11.0,2.3,36.9,0.2,2.1,0.6,3.4,1.2,18.0,2.1,4.0,1.2,10.2,2.0,12.8,0.9,0.8596,0.614,0.8947,0.6491,3.0175,0.7895,0.5789,0.386,0.9649,0.7018,2.6316,0.9298,0.4386,0.2456,0.6842,0.3684,0.2105,0.9123,0.386,0.9825,0.9825,3.4737,0.9649,9.807,0.8772,0.0,0.0,0.0,0.0,0.0,0.0,0.0,1.0,0.0,1.0,0.0,0.0,0.0,0.0,1.0,0.0,1.0,1.0,3.0,4.0,2605.0,444.0,10.8,1.8,26136.0
06,CALIFORNIA,CA,El Dorado,06017,"El Dorado County, California",1707.864074363226,183000.0,0.0,88882.0,131.0,67528.0,668.0,17839.0,1389.0,8506.0,691.0,37089.0,897.0,9608.0,888.0,32711.0,83.0,38406.0,115.0,24007.0,957.0,4335.0,453.4,38931.0,183.0,3406.0,507.4,3835.0,364.3,4337.0,411.0,1415.0,257.7,3193.0,488.0,1772.0,299.0,9.8,0.8,9.6,0.8,37089.0,897.0,7.4,0.7,17.9,0.1,21.0,0.1,13.2,0.5,6.4,0.7,21.3,0.1,2.0,0.3,4.3,0.4,4.9,0.5,2.1,0.4,4.7,0.7,1.0,0.2,0.1053,0.4912,0.1404,0.0526,0.7895,0.1228,0.6842,0.3684,0.5439,0.1754,1.7719,0.3333,0.1579,0.2105,0.3684,0.1579,0.3684,0.3509,0.1754,0.2281,0.0351,1.1579,0.0526,4.0877,0.0526,0.0,0.0,0.0,0.0,0.0,0.0,0.0,0.0,0.0,0.0,0.0,0.0,0.0,0.0,0.0,0.0,0.0,0.0,0.0,0.0,13912.0,1058.0,7.6,0.6,156309.0
06,CALIFORNIA,CA,Fresno,06019,"Fresno County, California",5958.78060837103,963160.0,0.0,323857.0,265.0,299456.0,1243.0,254872.0,6132.0,51478.0,1799.0,21057.0,229.0,151875.0,2686.0,107925.0,58.0,278246.0,0.0,118801.0,2668.0,46129.0,1531.0,666895.0,480.0,109480.0,2688.2,24016.0,1072.7,12601.0,719.0,28320.0,986.7,27398.0,1066.0,17324.0,750.0,26.9,0.6,11.9,0.4,21057.0,229.0,26.2,0.5,11.2,0.1,28.9,0.0,12.5,0.3,15.4,0.5,69.2,0.0,12.4,0.3,7.4,0.3,3.9,0.2,9.5,0.3,9.1,0.3,1.8,0.1,0.9825,0.8596,0.8596,0.8421,3.5439,0.9474,0.0877,0.9474,0.4737,0.9649,2.4737,0.807,0.9123,0.8772,1.7894999999999999,0.9123,0.5614,0.2632,0.9123,0.9298,0.4035,3.0702,0.8421,10.8772,0.9649,1.0,0.0,0.0,0.0,1.0,0.0,1.0,0.0,1.0,2.0,1.0,0.0,1.0,0.0,0.0,1.0,1.0,0.0,2.0,6.0,134940.0,3491.0,14.2,0.4,985513.0
06,CALIFORNIA,CA,Glenn,06021,"Glenn County, California",1313.945405782352,27976.0,0.0,10905.0,57.0,9801.0,261.0,5578.0,845.0,1172.0,238.0,20362.0,1354.0,4903.0,410.0,4073.0,95.0,7572.0,44.0,4898.0,425.0,997.0,214.0,13131.0,20.0,2761.0,385.4,502.0,172.4,1189.0,173.0,544.0,184.3,695.0,168.0,322.0,108.0,20.3,3.1,9.9,2.0,20362.0,1354.0,27.5,2.3,14.6,0.3,27.1,0.2,17.7,1.5,10.2,2.2,46.9,0.1,10.6,1.5,4.6,1.6,10.9,1.6,5.6,1.9,7.1,1.7,1.2,0.4,0.7544,0.5439,0.8772,0.8947,3.0702,0.807,0.5439,0.7895,0.7368,0.6316,2.7018,0.9649,0.5088,0.807,1.3158,0.6316,0.4035,0.807,0.5263,0.7368,0.1228,2.5965,0.5439,9.6842,0.8596,0.0,0.0,0.0,0.0,0.0,0.0,0.0,0.0,0.0,0.0,0.0,0.0,0.0,0.0,0.0,0.0,0.0,0.0,0.0,0.0,4015.0,548.0,14.5,2.0,24490.0
06,CALIFORNIA,CA,Humboldt,06023,"Humboldt County, California",3567.965714034344,135182.0,0.0,62386.0,229.0,53689.0,634.0,27641.0,1543.0,6228.0,575.0,24038.0,691.0,8794.0,715.0,20753.0,84.0,26399.0,0.0,22657.0,991.0,5231.0,505.3,33278.0,202.0,2230.0,413.5,2376.0,331.6,5196.0,364.0,2014.0,310.8,4094.0,454.0,4187.0,484.0,21.0,1.2,9.5,0.8,24038.0,691.0,9.7,0.8,15.4,0.1,19.5,0.0,16.9,0.7,9.7,0.9,24.6,0.1,1.7,0.3,3.8,0.5,8.3,0.6,3.8,0.6,7.6,0.8,3.1,0.4,0.7895,0.4737,0.6667,0.1404,2.0702,0.5263,0.5965,0.193,0.6667,0.5965,2.0526,0.4912,0.2105,0.1754,0.386,0.193,0.2807,0.6667,0.3684,0.7895,0.7018,2.807,0.6667,7.3158,0.5263,0.0,0.0,0.0,0.0,0.0,0.0,0.0,0.0,0.0,0.0,0.0,0.0,0.0,0.0,0.0,0.0,0.0,0.0,0.0,0.0,19266.0,1277.0,14.4,1.0,130357.0
06,CALIFORNIA,CA,Imperial,06025,"Imperial County, California",4176.57793678728,178807.0,0.0,56906.0,168.0,45800.0,778.0,40552.0,2386.0,12048.0,1009.0,16311.0,408.0,35505.0,1158.0,21311.0,144.0,51341.0,0.0,24074.0,1034.0,5868.0,569.1,157473.0,73.0,34100.0,1341.2,3334.0,377.0,6021.0,390.0,4769.0,508.9,3671.0,354.0,10274.0,494.0,24.1,1.4,17.1,1.2,16311.0,408.0,33.0,1.1,11.9,0.1,28.7,0.0,14.3,0.6,12.8,1.2,88.1,0.0,20.8,0.8,5.9,0.7,10.6,0.7,10.4,1.1,8.0,0.8,5.7,0.3,0.9298,1.0,1.0,1.0,3.9298,1.0,0.1754,0.9298,0.614,0.9123,2.6316,0.9123,1.0,1.0,2.0,1.0,0.4737,0.7895,0.9649,0.8947,0.8772,4.0,1.0,12.5614,1.0,1.0,1.0,1.0,1.0,4.0,0.0,1.0,0.0,1.0,2.0,1.0,1.0,2.0,0.0,0.0,1.0,0.0,0.0,1.0,9.0,24991.0,1608.0,14.8,0.9,191969.0
06,CALIFORNIA,CA,Inyo,06027,"Inyo County, California",10180.93383218731,18326.0,0.0,9513.0,50.0,7973.0,167.0,1905.0,327.0,555.0,95.0,28678.0,1256.0,1526.0,205.0,3953.0,32.0,3772.0,32.0,2432.0,251.0,751.0,162.8,6593.0,14.0,451.0,142.4,419.0,150.7,2249.0,195.0,132.0,48.5,661.0,170.0,632.0,88.0,10.8,1.8,6.3,1.1,28678.0,1256.0,11.5,1.6,21.6,0.2,20.6,0.2,13.6,1.4,9.4,2.0,36.0,0.1,2.6,0.8,4.4,1.6,23.6,2.1,1.7,0.6,8.3,2.1,3.4,0.5,0.1579,0.0877,0.4386,0.2982,0.9825,0.2281,0.8246,0.3333,0.5965,0.5614,2.3158,0.6667,0.4211,0.2982,0.7193,0.386,0.386,1.0,0.0351,0.9123,0.7368,3.0702,0.8246,7.0877,0.4912,0.0,0.0,0.0,0.0,0.0,0.0,0.0,0.0,0.0,0.0,0.0,0.0,0.0,0.0,1.0,0.0,1.0,0.0,2.0,2.0,1844.0,268.0,10.3,1.5,17898.0
06,CALIFORNIA,CA,Kern,06029,"Kern County, California",8131.92187546124,871337.0,0.0,291292.0,364.0,262337.0,1275.0,194354.0,5676.0,44848.0,1499.0,21094.0,279.0,136966.0,2329.0,86042.0,41.0,256757.0,0.0,92686.0,2183.0,36457.0,1385.8,557354.0,362.0,84424.0,2523.7,14159.0,782.8,21141.0,1030.0,23862.0,1113.1,18446.0,994.0,31615.0,994.0,23.1,0.7,11.9,0.4,21094.0,279.0,26.4,0.4,9.9,0.1,29.5,0.0,11.0,0.3,13.9,0.5,64.0,0.0,10.6,0.3,4.9,0.3,7.3,0.4,9.1,0.4,7.0,0.4,3.6,0.1,0.9123,0.8596,0.8421,0.8596,3.4737,0.9298,0.0175,0.9649,0.2807,0.9298,2.193,0.614,0.7895,0.7895,1.5789,0.8596,0.4211,0.6316,0.8772,0.7018,0.7544,3.386,0.9298,10.6316,0.9298,1.0,0.0,0.0,0.0,1.0,0.0,1.0,0.0,1.0,2.0,0.0,0.0,0.0,0.0,0.0,0.0,0.0,0.0,0.0,3.0,112428.0,3379.0,13.3,0.4,870222.0
06,CALIFORNIA,CA,Kings,06031,"Kings County, California",1389.4202672119,150261.0,0.0,44953.0,241.0,41845.0,558.0,28661.0,1788.0,6890.0,630.0,19123.0,626.0,24929.0,1009.0,13631.0,36.0,41331.0,0.0,15195.0,958.0,6552.0,554.2,99725.0,97.0,13525.0,1045.2,2924.0,422.6,2158.0,267.0,3798.0,429.8,2989.0,407.0,17087.0,708.0,21.6,1.4,11.7,1.1,19123.0,626.0,27.1,1.1,9.1,0.1,27.5,0.0,11.6,0.7,15.7,1.3,66.4,0.1,9.8,0.8,6.5,0.9,4.8,0.6,9.1,1.0,7.1,1.0,11.4,0.5,0.8421,0.7895,0.9474,0.8772,3.4561,0.9123,0.0,0.8421,0.386,1.0,2.2281,0.6491,0.8421,0.7368,1.5789,0.8246,0.5088,0.3333,0.8596,0.7368,0.9649,3.4035,0.9474,10.6667,0.9474,0.0,0.0,1.0,0.0,1.0,0.0,0.0,0.0,1.0,1.0,0.0,0.0,0.0,0.0,0.0,0.0,0.0,1.0,1.0,3.0,16702.0,1373.0,12.7,1.0,139998.0
06,CALIFORNIA,CA,Lake,06033,"Lake County, California",1256.487215801172,64076.0,0.0,35633.0,93.0,26194.0,615.0,15561.0,1404.0,3554.0,453.0,21799.0,952.0,7528.0,651.0,13122.0,118.0,13028.0,100.0,13627.0,755.0,2967.0,430.0,17775.0,40.0,2348.0,410.1,723.0,178.5,8338.0,556.0,776.0,205.1,2013.0,289.0,981.0,198.0,24.6,2.2,13.7,1.7,21799.0,952.0,16.3,1.4,20.5,0.2,20.3,0.2,21.5,1.2,11.3,1.6,27.7,0.1,3.9,0.7,2.0,0.5,23.4,1.6,3.0,0.8,7.7,1.1,1.5,0.3,0.9649,0.9474,0.7895,0.5965,3.2982,0.8947,0.7895,0.2982,0.9474,0.7719,2.807,0.9825,0.2632,0.3509,0.614,0.2807,0.1053,0.9825,0.2632,0.8421,0.3158,2.5088,0.4912,9.2281,0.7895,1.0,1.0,0.0,0.0,2.0,0.0,0.0,1.0,0.0,1.0,0.0,0.0,0.0,0.0,1.0,0.0,0.0,0.0,1.0,4.0,9286.0,967.0,14.6,1.5,52807.0
06,CALIFORNIA,CA,Lassen,06035,"Lassen County, California",4541.17844536702,31945.0,0.0,12726.0,192.0,9501.0,310.0,3558.0,462.0,942.0,195.0,20072.0,889.0,4245.0,323.0,3922.0,42.0,5262.0,75.0,4117.0,353.0,761.0,152.1,10844.0,32.0,633.0,158.9,513.0,123.7,1512.0,188.0,158.0,61.3,613.0,133.0,10042.0,438.0,16.2,2.0,9.4,1.9,20072.0,889.0,18.6,1.4,12.3,0.1,16.5,0.2,18.6,1.5,8.0,1.6,33.9,0.1,2.1,0.5,4.0,1.0,11.9,1.5,1.7,0.6,6.5,1.3,31.4,1.4,0.4912,0.4561,0.9123,0.6842,2.5439,0.6842,0.2632,0.0526,0.807,0.4211,1.5439,0.2105,0.3684,0.2632,0.6316,0.2982,0.3333,0.8596,0.0526,0.5439,1.0,2.7895,0.6316,7.5088,0.5614,0.0,0.0,1.0,0.0,1.0,0.0,0.0,0.0,0.0,0.0,0.0,0.0,0.0,0.0,0.0,0.0,0.0,1.0,1.0,2.0,1809.0,332.0,8.2,1.5,32220.0
06,CALIFORNIA,CA,Los Angeles,06037,"Los Angeles County, California",4058.183381668448,10057155.0,0.0,3490118.0,1076.0,3281845.0,5067.0,1764081.0,15531.0,460565.0,4969.0,29301.0,147.0,1495617.0,8873.0,1227202.0,0.0,2296785.0,0.0,984716.0,7397.0,328552.0,3782.0,7369368.0,1416.0,1356170.0,8734.7,925645.0,5159.6,53701.0,1227.0,386393.0,3714.2,310206.0,3367.0,175462.0,2514.0,17.8,0.2,8.9,0.1,29301.0,147.0,22.3,0.1,12.2,0.0,22.8,0.0,9.9,0.1,10.0,0.1,73.3,0.0,14.4,0.1,26.5,0.1,1.5,0.1,11.8,0.1,9.5,0.1,1.7,0.0,0.5965,0.4386,0.4035,0.807,2.2456,0.614,0.2281,0.5439,0.1579,0.614,1.5439,0.193,0.9825,0.9298,1.9123,0.9649,0.9825,0.0877,0.9825,0.9474,0.3509,3.3509,0.9123,9.0526,0.7368,0.0,0.0,0.0,0.0,0.0,0.0,0.0,0.0,0.0,0.0,1.0,1.0,2.0,1.0,0.0,1.0,1.0,0.0,3.0,5.0,1585437.0,13733.0,15.9,0.1,10100461.0
06,CALIFORNIA,CA,Madera,06039,"Madera County, California",2137.11250838252,153366.0,0.0,49844.0,187.0,43574.0,660.0,32043.0,2486.0,4872.0,592.0,19021.0,645.0,26930.0,1052.0,19711.0,100.0,42662.0,63.0,18497.0,1121.0,5316.0,546.8,98479.0,128.0,19819.0,1246.5,1318.0,293.5,3168.0,372.0,4080.0,475.9,2872.0,395.0,8041.0,433.0,22.1,1.7,8.2,0.9,19021.0,645.0,28.3,1.1,12.9,0.1,27.8,0.0,12.7,0.8,12.2,1.2,64.2,0.1,14.0,0.9,2.6,0.6,6.4,0.7,9.4,1.1,6.6,0.9,5.2,0.3,0.8947,0.3684,0.9649,0.9123,3.1404,0.8246,0.3333,0.8772,0.5088,0.8246,2.5439,0.8421,0.807,0.9123,1.7193,0.8947,0.1404,0.5263,0.8947,0.614,0.8421,3.0175,0.7544,10.4211,0.9123,0.0,0.0,1.0,1.0,2.0,0.0,0.0,0.0,0.0,0.0,0.0,1.0,1.0,0.0,0.0,0.0,0.0,0.0,0.0,3.0,20801.0,1472.0,14.3,1.0,145204.0
06,CALIFORNIA,CA,Marin,06041,"Marin County, California",520.489162894294,259358.0,0.0,112259.0,241.0,104400.0,772.0,20445.0,1753.0,7021.0,697.0,63608.0,1474.0,13078.0,918.0,50476.0,127.0,53207.0,46.0,22971.0,832.0,6352.0,511.8,72997.0,444.0,10590.0,826.9,15448.0,836.6,1534.0,217.0,3786.0,473.2,5497.0,454.0,7510.0,526.0,8.1,0.7,5.1,0.5,63608.0,1474.0,6.9,0.5,19.5,0.1,20.5,0.0,9.0,0.3,6.1,0.5,28.1,0.2,4.3,0.3,13.8,0.7,1.4,0.2,3.6,0.5,5.3,0.4,2.9,0.2,0.0175,0.0175,0.0,0.0351,0.0702,0.0,0.7719,0.3158,0.0702,0.1053,1.2631999999999999,0.1228,0.2807,0.386,0.6667,0.3333,0.8246,0.0702,0.3509,0.3684,0.6667,2.2807,0.3684,4.2807,0.0702,0.0,0.0,0.0,0.0,0.0,0.0,0.0,0.0,0.0,0.0,0.0,0.0,0.0,0.0,0.0,0.0,0.0,0.0,0.0,0.0,16231.0,1272.0,6.4,0.5,244361.0
06,CALIFORNIA,CA,Mariposa,06043,"Mariposa County, California",1448.817045605226,17645.0,0.0,10334.0,176.0,7255.0,313.0,2849.0,456.0,780.0,290.0,27832.0,1689.0,1426.0,235.0,4381.0,80.0,2918.0,37.0,3110.0,375.0,494.0,139.6,3264.0,19.0,193.0,127.9,148.0,79.4,1999.0,234.0,179.0,95.9,207.0,82.0,1021.0,386.0,16.3,2.6,9.8,3.5,27832.0,1689.0,10.5,1.7,24.8,0.5,16.5,0.2,17.8,2.2,6.8,1.9,18.5,0.1,1.1,0.8,1.4,0.8,19.3,2.2,2.5,1.3,2.9,1.1,5.8,2.2,0.5088,0.5263,0.4912,0.2105,1.7368000000000001,0.4386,0.9474,0.0702,0.7544,0.2456,2.0175,0.4737,0.0877,0.0877,0.1754,0.1053,0.0526,0.9298,0.2105,0.0351,0.8947,2.1228,0.2281,6.0526,0.2456,0.0,0.0,0.0,0.0,0.0,1.0,0.0,0.0,0.0,1.0,0.0,0.0,0.0,0.0,1.0,0.0,0.0,0.0,1.0,2.0,1267.0,267.0,7.3,1.5,15514.0
06,CALIFORNIA,CA,Mendocino,06045,"Mendocino County, California",3506.355092410358,87409.0,0.0,40695.0,145.0,34594.0,568.0,17366.0,1548.0,4526.0,588.0,25278.0,1089.0,8299.0,596.0,16542.0,50.0,19043.0,27.0,14598.0,758.0,3194.0,431.7,29391.0,91.0,4384.0,496.2,1667.0,287.8,4468.0,424.0,1780.0,301.8,2630.0,401.0,2174.0,322.0,20.2,1.8,11.0,1.4,25278.0,1089.0,13.5,1.0,18.9,0.1,21.8,0.0,16.9,0.9,9.2,1.2,33.6,0.1,5.3,0.6,4.1,0.7,11.0,1.0,5.1,0.9,7.6,1.2,2.5,0.4,0.7368,0.6842,0.5789,0.4561,2.4561,0.6667,0.7368,0.4737,0.6667,0.5439,2.4211,0.7368,0.3509,0.4386,0.7895,0.4035,0.3509,0.8246,0.4912,0.7895,0.5789,3.0351,0.7895,8.7018,0.6842,0.0,0.0,0.0,0.0,0.0,0.0,0.0,0.0,0.0,0.0,0.0,0.0,0.0,0.0,0.0,0.0,0.0,0.0,0.0,0.0,10931.0,821.0,12.6,0.9,83423.0
06,CALIFORNIA,CA,Merced,06047,"Merced County, California",1935.210909997212,265001.0,0.0,84140.0,286.0,78270.0,664.0,62661.0,3077.0,18143.0,1038.0,19130.0,415.0,48345.0,1189.0,27736.0,94.0,79805.0,69.0,40059.0,1340.0,12166.0,717.2,186882.0,227.0,33243.0,1422.8,3219.0,376.9,5217.0,436.0,6976.0,609.2,5964.0,505.0,6252.0,775.0,24.2,1.2,15.7,0.8,19130.0,415.0,31.4,0.8,10.5,0.1,30.1,0.0,15.3,0.5,15.5,0.9,70.5,0.1,13.7,0.6,3.8,0.4,6.2,0.5,8.9,0.8,7.6,0.6,2.4,0.3,0.9474,0.9825,0.9298,0.9474,3.807,0.9825,0.0702,0.9825,0.6491,0.9825,2.6842,0.9474,0.9649,0.8947,1.8596,0.9298,0.2982,0.4912,0.8421,0.7895,0.5439,2.9649,0.6842,11.3158,0.9825,1.0,1.0,1.0,1.0,4.0,0.0,1.0,0.0,1.0,2.0,1.0,0.0,1.0,0.0,0.0,0.0,0.0,0.0,0.0,7.0,34099.0,2001.0,13.0,0.8,251727.0
06,CALIFORNIA,CA,Modoc,06049,"Modoc County, California",3915.44325065426,9033.0,0.0,5242.0,47.0,3670.0,176.0,1483.0,355.0,259.0,113.0,21899.0,1504.0,908.0,189.0,2088.0,72.0,1812.0,0.0,1748.0,229.0,243.0,87.7,2019.0,7.0,256.0,114.1,34.0,32.2,505.0,156.0,67.0,44.1,140.0,75.0,518.0,104.0,16.9,4.1,6.8,3.0,21899.0,1504.0,13.6,2.8,23.1,0.8,20.1,0.0,19.9,2.6,6.6,2.4,22.4,0.1,3.0,1.3,0.6,0.6,9.6,3.0,1.8,1.2,3.8,2.0,5.7,1.2,0.5439,0.1404,0.7544,0.4737,1.9123,0.4737,0.8596,0.2281,0.8421,0.2105,2.1404,0.5614,0.1754,0.3158,0.4912,0.2456,0.0,0.7719,0.0877,0.0526,0.8596,1.7719,0.1228,6.3158,0.2982,0.0,0.0,0.0,0.0,0.0,0.0,0.0,0.0,0.0,0.0,0.0,0.0,0.0,0.0,0.0,0.0,0.0,0.0,0.0,0.0,1261.0,437.0,14.4,5.0,7964.0
06,CALIFORNIA,CA,Mono,06051,"Mono County, California",3048.98552849002,14051.0,0.0,14000.0,42.0,4950.0,411.0,1222.0,463.0,665.0,349.0,31059.0,2419.0,1486.0,228.0,1856.0,100.0,2783.0,100.0,972.0,245.0,235.0,158.1,4797.0,6.0,1013.0,379.9,2112.0,352.4,893.0,241.0,103.0,83.5,203.0,112.0,318.0,91.0,8.8,3.3,8.0,4.2,31059.0,2419.0,16.0,2.5,13.2,0.7,19.8,0.7,7.0,1.8,4.7,3.2,34.1,0.0,7.5,2.8,15.1,2.5,6.4,1.7,2.1,1.7,4.1,2.3,2.3,0.6,0.0526,0.3509,0.3333,0.5614,1.2982,0.2982,0.3684,0.2105,0.0,0.0526,0.6316,0.0,0.386,0.5439,0.9298,0.4561,0.8596,0.5263,0.1579,0.1404,0.5088,2.193,0.2982,5.0526,0.1228,0.0,0.0,0.0,0.0,0.0,0.0,0.0,0.0,0.0,0.0,0.0,0.0,0.0,0.0,0.0,0.0,0.0,0.0,0.0,0.0,2783.0,543.0,19.9,3.9,12971.0
06,CALIFORNIA,CA,Monterey,06053,"Monterey County, California",3280.581058717452,430201.0,0.0,140169.0,265.0,125916.0,701.0,66289.0,3189.0,13288.0,966.0,25947.0,488.0,78716.0,1298.0,51553.0,85.0,113889.0,0.0,37848.0,1340.0,14099.0,814.8,296575.0,264.0,75593.0,2205.9,14659.0,770.1,6074.0,397.0,16138.0,704.4,6089.0,516.0,18398.0,773.0,16.1,0.8,6.9,0.5,25947.0,488.0,29.1,0.5,12.0,0.1,26.5,0.0,9.2,0.3,11.2,0.6,68.9,0.1,19.0,0.6,10.5,0.5,4.3,0.3,12.8,0.6,4.8,0.4,4.3,0.2,0.4737,0.1754,0.5439,0.9298,2.1228,0.5965,0.193,0.7544,0.0877,0.7193,1.7544,0.2632,0.8947,0.9825,1.8772,0.9474,0.7368,0.3158,1.0,0.2632,0.7895,3.1053,0.8596,8.8596,0.7193,0.0,0.0,0.0,1.0,1.0,0.0,0.0,0.0,0.0,0.0,0.0,1.0,1.0,0.0,0.0,1.0,0.0,0.0,1.0,3.0,66570.0,2540.0,16.1,0.6,432697.0
06,CALIFORNIA,CA,Napa,06055,"Napa County, California",748.329752715716,140823.0,0.0,55301.0,190.0,49375.0,570.0,12086.0,1197.0,4910.0,514.0,38057.0,1018.0,15651.0,805.0,23949.0,47.0,30852.0,27.0,15370.0,671.0,3571.0,451.6,65176.0,207.0,11745.0,871.3,4610.0,424.3,3749.0,310.0,2766.0,372.6,2480.0,313.0,4351.0,494.0,8.8,0.9,6.6,0.7,38057.0,1018.0,16.1,0.8,17.0,0.1,21.9,0.0,11.1,0.5,7.2,0.9,46.3,0.1,8.8,0.7,8.3,0.8,6.8,0.6,5.6,0.8,5.0,0.6,3.1,0.4,0.0526,0.1053,0.1053,0.5789,0.8421,0.1404,0.6316,0.4912,0.3509,0.2982,1.7719,0.2982,0.4912,0.6316,1.1228,0.5614,0.6316,0.5789,0.5439,0.3333,0.6842,2.7719,0.614,6.5088,0.3333,0.0,0.0,0.0,0.0,0.0,0.0,0.0,0.0,0.0,0.0,0.0,0.0,0.0,0.0,0.0,0.0,0.0,0.0,0.0,0.0,12709.0,994.0,9.1,0.7,152816.0
06,CALIFORNIA,CA,Nevada,06057,"Nevada County, California",957.76699958832,98639.0,0.0,53189.0,127.0,40587.0,664.0,11835.0,1152.0,3968.0,527.0,33385.0,1361.0,4956.0,543.0,23093.0,144.0,17548.0,113.0,14411.0,829.0,2359.0,375.6,14170.0,123.0,1305.0,367.7,2016.0,348.4,2948.0,288.0,769.0,191.6,1876.0,315.0,1211.0,221.0,12.1,1.2,8.8,1.2,33385.0,1361.0,6.7,0.7,23.4,0.1,17.8,0.1,14.8,0.8,5.8,0.9,14.4,0.1,1.4,0.4,3.8,0.7,5.5,0.5,1.9,0.5,4.6,0.8,1.2,0.2,0.2632,0.4211,0.2281,0.0175,0.9298,0.1754,0.8772,0.1404,0.6316,0.0877,1.7368000000000001,0.2456,0.0175,0.1404,0.1579,0.0877,0.2632,0.4386,0.1228,0.193,0.1754,1.193,0.0702,4.0175,0.0351,0.0,0.0,0.0,0.0,0.0,0.0,0.0,0.0,0.0,0.0,0.0,0.0,0.0,0.0,0.0,0.0,0.0,0.0,0.0,0.0,10911.0,1084.0,11.2,1.1,85693.0
06,CALIFORNIA,CA,Orange,06059,"Orange County, California",790.621952662396,3132211.0,0.0,1072121.0,633.0,1017012.0,2328.0,385556.0,9162.0,111106.0,2415.0,35939.0,250.0,325372.0,3963.0,412701.0,0.0,721172.0,0.0,265805.0,3577.0,78296.0,1935.7,1817539.0,1006.0,319276.0,4170.5,200562.0,2662.4,29306.0,927.0,90235.0,1939.9,47496.0,1331.0,43114.0,1289.0,12.5,0.3,6.8,0.1,35939.0,250.0,15.5,0.2,13.2,0.0,23.0,0.0,8.5,0.1,7.7,0.2,58.0,0.0,10.8,0.1,18.7,0.2,2.7,0.1,8.9,0.2,4.7,0.1,1.4,0.0,0.2807,0.1404,0.1579,0.5439,1.1228,0.2456,0.3684,0.5965,0.0526,0.3333,1.3509,0.1579,0.6667,0.8246,1.4912,0.7368,0.8772,0.1404,0.8246,0.2281,0.2456,2.3158,0.386,6.2807,0.2807,0.0,0.0,0.0,0.0,0.0,0.0,0.0,0.0,0.0,0.0,0.0,0.0,0.0,0.0,0.0,0.0,0.0,0.0,0.0,0.0,384240.0,5956.0,12.3,0.2,3343367.0
06,CALIFORNIA,CA,Placer,06061,"Placer County, California",1407.084278884998,370571.0,0.0,157888.0,245.0,136730.0,754.0,31932.0,2122.0,12582.0,669.0,37914.0,608.0,14879.0,871.0,66179.0,42.0,85141.0,0.0,40461.0,1341.0,9489.0,658.5,95351.0,209.0,7183.0,703.6,10419.0,552.2,4398.0,358.0,2958.0,432.2,5392.0,407.0,4024.0,551.0,8.7,0.6,7.0,0.4,37914.0,608.0,5.8,0.3,17.9,0.1,23.0,0.0,11.0,0.4,6.9,0.5,25.7,0.1,2.0,0.2,6.6,0.3,2.8,0.2,2.2,0.3,3.9,0.3,1.1,0.1,0.0351,0.193,0.1228,0.0,0.3509,0.0351,0.6842,0.5614,0.2807,0.2632,1.7894999999999999,0.3509,0.2281,0.2281,0.4561,0.2281,0.5263,0.1579,0.193,0.0877,0.1053,1.0702,0.0351,3.6667,0.0175,0.0,0.0,0.0,0.0,0.0,0.0,0.0,0.0,0.0,0.0,0.0,0.0,0.0,0.0,0.0,0.0,0.0,0.0,0.0,0.0,28326.0,1699.0,7.7,0.5,371024.0
06,CALIFORNIA,CA,Plumas,06063,"Plumas County, California",2553.061248199286,18754.0,0.0,15693.0,59.0,8376.0,321.0,2346.0,423.0,977.0,258.0,31292.0,2464.0,1173.0,260.0,4673.0,93.0,3108.0,5.0,3815.0,418.0,480.0,152.1,3057.0,135.0,170.0,123.5,296.0,101.5,1467.0,235.0,133.0,83.9,546.0,152.0,410.0,116.0,12.8,2.3,11.8,3.1,31292.0,2464.0,8.1,1.8,24.9,0.5,16.6,0.0,20.5,2.2,5.7,1.8,16.3,0.7,1.0,0.7,1.9,0.6,9.3,1.5,1.6,1.0,6.5,1.8,2.2,0.6,0.3509,0.8246,0.2982,0.0702,1.5439,0.3509,0.9649,0.0877,0.9298,0.0702,2.0526,0.5088,0.0351,0.0526,0.0877,0.0351,0.0877,0.7193,0.0175,0.5439,0.4912,1.8596,0.1754,5.5439,0.1754,0.0,0.0,0.0,0.0,0.0,1.0,0.0,1.0,0.0,2.0,0.0,0.0,0.0,0.0,0.0,0.0,0.0,0.0,0.0,2.0,1908.0,337.0,10.3,1.8,18675.0
06,CALIFORNIA,CA,Riverside,06065,"Riverside County, California",7206.287554202398,2323892.0,0.0,820300.0,393.0,705716.0,2381.0,376689.0,8951.0,120960.0,2207.0,24443.0,164.0,286746.0,3607.0,306492.0,0.0,613547.0,0.0,260228.0,3538.0,72157.0,2044.7,1458261.0,744.0,178936.0,3423.4,64673.0,1588.2,74205.0,1223.0,51310.0,1652.3,33534.0,1227.0,33394.0,1146.0,16.5,0.4,11.3,0.2,24443.0,164.0,19.5,0.2,13.2,0.0,26.4,0.0,11.3,0.2,10.2,0.3,62.8,0.0,8.3,0.2,7.9,0.2,9.0,0.1,7.3,0.2,4.8,0.2,1.4,0.0,0.5263,0.7368,0.6316,0.7018,2.5965,0.7018,0.3684,0.7368,0.3684,0.6491,2.1228,0.5439,0.7368,0.5965,1.3333,0.6491,0.5965,0.7018,0.7018,0.2632,0.2807,2.5439,0.5263,8.5965,0.6667,0.0,0.0,0.0,0.0,0.0,0.0,0.0,0.0,0.0,0.0,0.0,0.0,0.0,0.0,0.0,0.0,0.0,0.0,0.0,0.0,338467.0,5619.0,14.7,0.2,2108577.0
06,CALIFORNIA,CA,Sacramento,06067,"Sacramento County, California",964.939792890934,1479300.0,0.0,562003.0,584.0,527335.0,1526.0,260877.0,5582.0,74025.0,1842.0,28292.0,271.0,129386.0,2658.0,189264.0,0.0,360897.0,0.0,185928.0,2703.0,57302.0,1503.8,793348.0,1043.0,95398.0,2539.4,74275.0,1655.6,13309.0,612.0,25214.0,1066.6,39407.0,1141.0,24897.0,1581.0,17.9,0.4,10.2,0.2,28292.0,271.0,13.2,0.3,12.8,0.0,24.4,0.0,12.7,0.2,10.9,0.3,53.6,0.1,6.9,0.2,13.2,0.3,2.4,0.1,4.8,0.2,7.5,0.2,1.7,0.1,0.6316,0.5965,0.4561,0.4386,2.1228,0.5789,0.3158,0.7018,0.5088,0.6842,2.2105,0.6316,0.5965,0.4912,1.0877,0.5088,0.807,0.1228,0.4386,0.7719,0.3333,2.4737,0.4386,7.8947,0.5965,0.0,0.0,0.0,0.0,0.0,0.0,0.0,0.0,0.0,0.0,0.0,0.0,0.0,0.0,0.0,0.0,0.0,0.0,0.0,0.0,151656.0,3606.0,10.4,0.2,1565359.0
06,CALIFORNIA,CA,San Benito,06069,"San Benito County, California",1388.714411751784,58051.0,0.0,18139.0,55.0,17390.0,159.0,6224.0,856.0,3211.0,361.0,27848.0,910.0,7957.0,442.0,6519.0,43.0,15708.0,54.0,5444.0,435.0,1975.0,280.8,37067.0,20.0,5252.0,533.4,647.0,146.6,897.0,129.0,1427.0,258.5,460.0,128.0,295.0,119.0,10.8,1.5,10.8,1.2,27848.0,910.0,21.7,1.2,11.2,0.1,27.1,0.1,9.4,0.8,11.4,1.6,63.9,0.0,9.7,1.0,3.6,0.8,4.9,0.7,8.2,1.5,2.6,0.7,0.5,0.2,0.1579,0.6667,0.4737,0.7719,2.0702,0.5088,0.0877,0.7719,0.1053,0.7895,1.7544,0.2807,0.7719,0.6842,1.4561,0.7018,0.2281,0.3509,0.7895,0.0,0.0,1.3684,0.0877,6.6491,0.386,0.0,0.0,0.0,0.0,0.0,0.0,0.0,0.0,0.0,0.0,0.0,0.0,0.0,0.0,0.0,0.0,0.0,0.0,0.0,0.0,6594.0,656.0,11.4,1.1,47106.0
06,CALIFORNIA,CA,San Bernardino,06071,"San Bernardino County, California",20057.273250248647,2106754.0,0.0,708442.0,855.0,618922.0,2288.0,392195.0,8442.0,104472.0,2424.0,21857.0,192.0,274381.0,3944.0,218205.0,115.0,576482.0,0.0,224187.0,3134.0,78570.0,2037.3,1463968.0,636.0,164265.0,3418.5,62787.0,1747.3,40844.0,1133.0,54440.0,1609.5,34920.0,1210.0,54034.0,2793.0,19.1,0.4,11.0,0.2,21857.0,192.0,21.2,0.3,10.4,0.1,27.4,0.0,10.9,0.2,12.7,0.3,69.5,0.0,8.4,0.2,8.9,0.2,5.8,0.2,8.8,0.3,5.6,0.2,2.6,0.1,0.6842,0.6842,0.7719,0.7544,2.8947000000000003,0.7544,0.0351,0.807,0.2632,0.8947,2.0,0.4561,0.9298,0.614,1.5439,0.7895,0.6842,0.4561,0.807,0.4035,0.6316,2.9825,0.7018,9.4211,0.807,0.0,0.0,0.0,0.0,0.0,0.0,0.0,0.0,0.0,0.0,1.0,0.0,1.0,0.0,0.0,0.0,0.0,0.0,0.0,1.0,290269.0,5528.0,14.1,0.3,1996750.0
06,CALIFORNIA,CA,San Diego,06073,"San Diego County, California",4206.639132326722,3253356.0,0.0,1187644.0,948.0,1103128.0,2860.0,444024.0,7970.0,126990.0,3059.0,32482.0,192.0,293959.0,4042.0,413435.0,0.0,727664.0,0.0,310902.0,3784.0,94202.0,2335.6,1733652.0,890.0,228467.0,4304.3,246059.0,2957.9,43153.0,1108.0,70966.0,1806.7,64192.0,1709.0,88924.0,2465.0,14.0,0.3,7.8,0.2,32482.0,192.0,13.6,0.2,12.7,0.0,22.4,0.0,9.9,0.1,8.5,0.2,53.3,0.0,7.5,0.1,20.7,0.2,3.6,0.1,6.4,0.2,5.8,0.2,2.7,0.1,0.386,0.3158,0.2456,0.4737,1.4211,0.3333,0.2982,0.5088,0.1579,0.5088,1.4737,0.1754,0.5614,0.5263,1.0877,0.5263,0.9123,0.2281,0.5789,0.4386,0.6491,2.807,0.6491,6.7895,0.4211,0.0,0.0,0.0,0.0,0.0,0.0,0.0,0.0,0.0,0.0,0.0,0.0,0.0,1.0,0.0,0.0,0.0,0.0,1.0,1.0,385939.0,7283.0,12.2,0.2,3362701.0
06,CALIFORNIA,CA,San Francisco,06075,"San Francisco County, California",46.894283662074,850282.0,0.0,386755.0,508.0,356797.0,1619.0,104180.0,3383.0,32234.0,1376.0,55567.0,795.0,84024.0,2009.0,122295.0,72.0,114628.0,0.0,89464.0,2165.0,13378.0,849.6,500194.0,468.0,100414.0,2377.2,141226.0,1965.2,636.0,194.0,21945.0,1030.7,108391.0,1788.0,20196.0,1072.0,12.5,0.4,6.2,0.3,55567.0,795.0,12.6,0.3,14.4,0.1,13.5,0.0,10.6,0.3,3.7,0.2,58.8,0.1,12.4,0.3,36.5,0.5,0.2,0.1,6.2,0.3,30.4,0.5,2.4,0.1,0.2807,0.0702,0.0175,0.3684,0.7368,0.0877,0.5088,0.0,0.2456,0.0175,0.7719,0.0175,0.6842,0.8596,1.5439,0.7895,1.0,0.0,0.5614,1.0,0.5614,3.1228,0.8772,6.1754,0.2632,0.0,0.0,0.0,0.0,0.0,0.0,0.0,0.0,0.0,0.0,0.0,0.0,0.0,1.0,0.0,0.0,1.0,0.0,2.0,2.0,58719.0,2063.0,6.9,0.2,1088328.0
06,CALIFORNIA,CA,San Joaquin,06077,"San Joaquin County, California",1392.390607040996,714860.0,0.0,237752.0,319.0,221707.0,951.0,124587.0,4000.0,38954.0,1545.0,23477.0,300.0,97333.0,1973.0,83916.0,0.0,199521.0,0.0,86009.0,2018.0,27146.0,1178.1,472835.0,292.0,63053.0,1876.7,19301.0,789.0,8110.0,460.0,15875.0,886.8,15338.0,690.0,15163.0,934.0,17.8,0.6,11.9,0.5,23477.0,300.0,22.0,0.4,11.7,0.0,27.9,0.0,12.2,0.3,12.2,0.5,66.1,0.0,9.5,0.3,8.1,0.3,3.4,0.2,7.2,0.4,6.9,0.3,2.1,0.1,0.5965,0.8596,0.7018,0.7895,2.9474,0.7719,0.1579,0.9123,0.4386,0.8596,2.3684,0.6842,0.8246,0.6667,1.4912,0.7368,0.614,0.2105,0.6842,0.6491,0.4737,2.6316,0.5614,9.4386,0.8246,0.0,0.0,0.0,0.0,0.0,0.0,1.0,0.0,0.0,1.0,0.0,0.0,0.0,0.0,0.0,0.0,0.0,0.0,0.0,1.0,82648.0,3078.0,11.7,0.4,694136.0
06,CALIFORNIA,CA,San Luis Obispo,06079,"San Luis Obispo County, California",3300.647131396374,278680.0,0.0,119399.0,310.0,104404.0,919.0,37208.0,2124.0,7479.0,638.0,32335.0,644.0,18206.0,1026.0,48924.0,61.0,50812.0,161.0,30013.0,1056.0,6728.0,652.4,84479.0,85.0,10287.0,931.7,7129.0,594.0,10607.0,596.0,3732.0,520.3,5016.0,467.0,16409.0,765.0,14.2,0.8,5.5,0.5,32335.0,644.0,9.9,0.6,17.6,0.1,18.2,0.1,11.0,0.4,6.4,0.6,30.3,0.0,3.9,0.4,6.0,0.5,8.9,0.5,3.6,0.5,4.8,0.5,5.9,0.3,0.4035,0.0351,0.2632,0.1579,0.8596,0.1579,0.6667,0.1754,0.2807,0.193,1.3158,0.1404,0.3158,0.3333,0.6491,0.3158,0.4912,0.6842,0.3333,0.2632,0.9123,2.6842,0.5965,5.5088,0.1579,0.0,0.0,0.0,0.0,0.0,0.0,0.0,0.0,0.0,0.0,0.0,0.0,0.0,0.0,0.0,0.0,0.0,1.0,1.0,1.0,27491.0,1604.0,10.1,0.6,277908.0
06,CALIFORNIA,CA,San Mateo,06081,"San Mateo County, California",448.518848160022,754748.0,0.0,273798.0,307.0,261010.0,932.0,57490.0,2485.0,23439.0,1093.0,50262.0,575.0,60898.0,1985.0,110519.0,0.0,162440.0,0.0,61974.0,1430.0,16090.0,889.9,449625.0,483.0,57020.0,2050.2,54034.0,1319.6,3025.0,293.0,19682.0,966.1,13930.0,803.0,9905.0,800.0,7.7,0.3,5.6,0.3,50262.0,575.0,11.4,0.4,14.6,0.0,21.5,0.0,8.3,0.2,6.2,0.3,59.6,0.1,8.0,0.3,19.7,0.5,1.1,0.1,7.5,0.4,5.3,0.3,1.3,0.1,0.0,0.0526,0.0351,0.2632,0.3509,0.0175,0.5439,0.4211,0.0351,0.1228,1.1228,0.0526,0.7018,0.5614,1.2631999999999999,0.5965,0.8947,0.0175,0.7368,0.3684,0.2105,2.2281,0.3158,4.9649,0.1053,0.0,0.0,0.0,0.0,0.0,0.0,0.0,0.0,0.0,0.0,0.0,0.0,0.0,0.0,0.0,0.0,0.0,0.0,0.0,0.0,54146.0,2247.0,7.2,0.3,732776.0
06,CALIFORNIA,CA,Santa Barbara,06083,"Santa Barbara County, California",2735.146798888996,439395.0,0.0,154574.0,345.0,143051.0,855.0,66880.0,3260.0,16101.0,894.0,31098.0,527.0,53932.0,1428.0,61517.0,46.0,98870.0,0.0,42011.0,1430.0,12917.0,751.4,237559.0,170.0,45946.0,1773.8,19769.0,858.8,7859.0,502.0,14580.0,761.3,9301.0,688.0,19742.0,890.0,15.9,0.8,7.2,0.4,31098.0,527.0,19.9,0.5,14.0,0.1,22.5,0.0,9.7,0.3,9.0,0.5,54.1,0.0,11.2,0.4,12.8,0.6,5.1,0.3,10.2,0.5,6.5,0.5,4.5,0.2,0.4561,0.2456,0.3158,0.7193,1.7368000000000001,0.4035,0.4737,0.5263,0.1404,0.5263,1.6667,0.2281,0.614,0.8421,1.4561,0.7018,0.7895,0.4035,0.9474,0.5439,0.8246,3.5088,0.9825,8.3684,0.6316,0.0,0.0,0.0,0.0,0.0,0.0,0.0,0.0,0.0,0.0,0.0,0.0,0.0,0.0,0.0,1.0,0.0,0.0,1.0,1.0,58970.0,2317.0,13.6,0.5,464262.0
06,CALIFORNIA,CA,Santa Clara,06085,"Santa Clara County, California",1291.206177528142,1885056.0,0.0,651905.0,539.0,626579.0,1547.0,172213.0,5311.0,65981.0,1963.0,46034.0,340.0,166105.0,3072.0,230274.0,0.0,435218.0,0.0,146448.0,2529.0,42231.0,1422.0,1259838.0,663.0,171519.0,3412.1,137677.0,2261.9,18983.0,603.0,49176.0,1413.2,32123.0,1233.0,34677.0,1463.0,9.3,0.3,6.6,0.2,46034.0,340.0,12.9,0.2,12.2,0.0,23.1,0.0,7.8,0.1,6.7,0.2,66.8,0.0,9.7,0.2,21.1,0.3,2.9,0.1,7.8,0.2,5.1,0.2,1.8,0.1,0.0877,0.1053,0.0526,0.4211,0.6667,0.0526,0.2281,0.614,0.0175,0.2281,1.0877,0.0351,0.8596,0.7193,1.5789,0.8246,0.9298,0.1754,0.7544,0.3509,0.4386,2.6491,0.5789,5.9825,0.2281,0.0,0.0,0.0,0.0,0.0,0.0,0.0,0.0,0.0,0.0,0.0,0.0,0.0,1.0,0.0,0.0,0.0,0.0,1.0,1.0,144253.0,3771.0,7.7,0.2,2057491.0
06,CALIFORNIA,CA,Santa Cruz,06087,"Santa Cruz County, California",445.16299204766,270931.0,0.0,105255.0,284.0,95062.0,658.0,39211.0,2518.0,10361.0,837.0,34732.0,688.0,23995.0,1021.0,36624.0,79.0,54522.0,0.0,26982.0,1281.0,6912.0,651.4,113279.0,284.0,20762.0,1371.6,9382.0,670.1,6055.0,503.0,6386.0,559.8,5618.0,543.0,12166.0,663.0,15.1,1.0,7.3,0.6,34732.0,688.0,13.7,0.6,13.5,0.1,20.1,0.0,10.0,0.5,7.3,0.7,41.8,0.1,8.1,0.5,8.9,0.6,5.8,0.5,6.7,0.6,5.9,0.6,4.5,0.2,0.4386,0.2632,0.193,0.5088,1.4035,0.3158,0.4211,0.2456,0.193,0.3158,1.1754,0.0877,0.4561,0.5789,1.0351,0.4737,0.7193,0.4561,0.5965,0.4561,0.807,3.0351,0.7719,6.6491,0.3684,0.0,0.0,0.0,0.0,0.0,0.0,0.0,0.0,0.0,0.0,0.0,0.0,0.0,0.0,0.0,0.0,0.0,0.0,0.0,0.0,27600.0,1614.0,10.2,0.6,260633.0
06,CALIFORNIA,CA,Shasta,06089,"Shasta County, California",3775.374643548308,179228.0,0.0,77942.0,183.0,69713.0,574.0,30945.0,1577.0,6728.0,574.0,25094.0,567.0,12539.0,798.0,34570.0,72.0,38822.0,0.0,32486.0,1188.0,5720.0,451.2,34134.0,181.0,1963.0,396.6,3831.0,394.5,8983.0,605.0,1877.0,280.4,4587.0,371.0,3138.0,418.0,17.5,0.9,8.7,0.8,25094.0,567.0,10.0,0.6,19.3,0.1,21.7,0.0,18.3,0.7,8.2,0.6,19.0,0.1,1.2,0.2,4.9,0.5,11.5,0.8,2.7,0.4,6.6,0.5,1.8,0.2,0.5614,0.386,0.5965,0.1754,1.7193,0.386,0.7544,0.4386,0.7719,0.4737,2.4386,0.7544,0.1228,0.1053,0.2281,0.1228,0.4386,0.8421,0.2281,0.614,0.3684,2.4912,0.4737,6.8772,0.4561,0.0,0.0,0.0,0.0,0.0,0.0,0.0,0.0,0.0,0.0,0.0,0.0,0.0,0.0,0.0,0.0,0.0,0.0,0.0,0.0,20547.0,1311.0,11.6,0.7,178396.0
06,CALIFORNIA,CA,Sierra,06091,"Sierra County, California",953.167917429874,2931.0,191.0,2349.0,50.0,1275.0,144.0,329.0,189.0,50.0,31.0,31873.0,5255.0,261.0,88.0,764.0,88.0,425.0,70.0,536.0,150.0,19.0,17.5,412.0,251.7,35.0,53.5,44.0,36.8,186.0,87.0,2.0,12.6,34.0,27.0,34.0,36.0,11.3,6.5,3.9,2.5,31873.0,5255.0,11.0,3.8,26.1,2.6,14.5,2.2,18.5,5.0,1.5,1.4,14.1,8.5,1.2,1.9,1.9,1.6,7.9,3.8,0.2,1.0,2.7,2.2,1.2,1.2,0.2281,0.0,0.2807,0.2456,0.7544,0.1053,1.0,0.0175,0.7895,0.0,1.807,0.3684,0.0,0.1228,0.1228,0.0526,0.0702,0.6491,0.0,0.0175,0.1579,0.8947,0.0,3.5789,0.0,0.0,0.0,0.0,0.0,0.0,1.0,0.0,0.0,0.0,1.0,0.0,0.0,0.0,0.0,0.0,0.0,0.0,0.0,0.0,1.0,236.0,92.0,8.1,3.3,2312.0
06,CALIFORNIA,CA,Siskiyou,06093,"Siskiyou County, California",6278.781012376394,43668.0,0.0,24034.0,81.0,19045.0,385.0,9524.0,670.0,2161.0,251.0,23542.0,835.0,3627.0,289.0,9941.0,37.0,8841.0,0.0,8822.0,517.0,1503.0,207.6,9772.0,14.0,755.0,182.5,815.0,184.5,3129.0,247.0,569.0,99.8,1484.0,240.0,582.0,143.0,22.0,1.5,11.7,1.3,23542.0,835.0,11.4,0.9,22.8,0.1,20.2,0.0,20.3,1.2,7.9,1.1,22.4,0.0,1.8,0.4,3.4,0.8,13.0,1.0,3.0,0.5,7.8,1.2,1.3,0.3,0.8772,0.7895,0.6842,0.2632,2.614,0.7193,0.8421,0.2632,0.9123,0.386,2.4035,0.7018,0.193,0.193,0.386,0.1754,0.193,0.8947,0.2807,0.8596,0.2281,2.4561,0.4211,7.8596,0.5789,0.0,0.0,0.0,0.0,0.0,0.0,0.0,1.0,0.0,1.0,0.0,0.0,0.0,0.0,0.0,0.0,0.0,0.0,0.0,1.0,4291.0,374.0,9.9,0.9,41639.0
06,CALIFORNIA,CA,Solano,06095,"Solano County, California",821.771831903096,429596.0,0.0,155091.0,201.0,145315.0,947.0,53265.0,2639.0,21347.0,1146.0,30251.0,435.0,36163.0,1449.0,58275.0,0.0,98840.0,0.0,50337.0,1184.0,16273.0,946.2,260195.0,388.0,20279.0,1130.2,13583.0,776.3,4552.0,435.0,6617.0,528.4,8323.0,602.0,10758.0,476.0,12.7,0.6,10.0,0.5,30251.0,435.0,12.5,0.5,13.6,0.0,23.0,0.0,12.1,0.3,11.2,0.6,60.6,0.1,5.0,0.3,8.8,0.5,2.9,0.3,4.6,0.4,5.7,0.4,2.5,0.1,0.3158,0.5789,0.3684,0.3509,1.6139999999999999,0.3684,0.4386,0.5789,0.4211,0.7368,2.1754,0.5789,0.7193,0.4035,1.1228,0.5789,0.6667,0.1754,0.4035,0.4211,0.5965,2.2632,0.3333,7.1754,0.5088,0.0,0.0,0.0,0.0,0.0,0.0,0.0,0.0,0.0,0.0,0.0,0.0,0.0,0.0,0.0,0.0,0.0,0.0,0.0,0.0,38213.0,2029.0,9.2,0.5,380803.0
06,CALIFORNIA,CA,Sonoma,06097,"Sonoma County, California",1575.851210196548,497776.0,0.0,207058.0,372.0,189043.0,1028.0,55095.0,2613.0,18297.0,989.0,35639.0,506.0,44790.0,1494.0,83344.0,93.0,102675.0,0.0,58655.0,1787.0,15118.0,881.1,177210.0,560.0,27323.0,1273.2,18354.0,819.6,10175.0,446.0,9606.0,700.4,9138.0,618.0,8833.0,929.0,11.2,0.5,7.0,0.4,35639.0,506.0,12.8,0.4,16.7,0.1,20.6,0.0,11.9,0.4,8.0,0.5,35.6,0.1,5.8,0.3,8.9,0.4,4.9,0.2,5.1,0.4,4.8,0.3,1.8,0.2,0.193,0.193,0.1754,0.4035,0.9649,0.2105,0.614,0.3509,0.4035,0.4035,1.7719,0.3158,0.4035,0.4561,0.8596,0.4211,0.7018,0.3509,0.4737,0.2632,0.386,2.1754,0.2632,5.7719000000000005,0.193,0.0,0.0,0.0,0.0,0.0,0.0,0.0,0.0,0.0,0.0,0.0,0.0,0.0,0.0,0.0,0.0,0.0,0.0,0.0,0.0,49892.0,2039.0,10.1,0.4,470284.0
06,CALIFORNIA,CA,Stanislaus,06099,"Stanislaus County, California",1496.007315832704,530561.0,0.0,180386.0,206.0,170328.0,901.0,95739.0,3260.0,33913.0,1548.0,22915.0,372.0,74176.0,1776.0,64443.0,213.0,145560.0,0.0,70508.0,1755.0,20816.0,943.4,296472.0,467.0,47779.0,1934.8,12541.0,723.1,7470.0,474.0,11722.0,666.0,11811.0,711.0,5531.0,535.0,18.2,0.6,13.8,0.6,22915.0,372.0,22.4,0.5,12.1,0.1,27.4,0.0,13.4,0.3,12.2,0.6,55.9,0.1,9.7,0.4,7.0,0.4,4.1,0.3,6.9,0.4,6.9,0.4,1.0,0.1,0.6491,0.9649,0.7193,0.8246,3.1579,0.8421,0.2105,0.8246,0.5614,0.8421,2.4386,0.7719,0.6491,0.7018,1.3509,0.6842,0.5439,0.2807,0.6316,0.6491,0.0877,2.193,0.2807,9.1404,0.7719,0.0,1.0,0.0,0.0,1.0,0.0,0.0,0.0,0.0,0.0,0.0,0.0,0.0,0.0,0.0,0.0,0.0,0.0,0.0,1.0,60716.0,2289.0,11.5,0.4,515535.0
06,CALIFORNIA,CA,Sutter,06101,"Sutter County, California",602.417961725898,95406.0,0.0,34102.0,124.0,32028.0,361.0,16535.0,1437.0,4836.0,415.0,24335.0,747.0,12742.0,642.0,13795.0,65.0,25180.0,0.0,12692.0,645.0,3612.0,375.2,49656.0,76.0,9121.0,785.8,2868.0,325.6,1789.0,242.0,2159.0,329.2,2090.0,304.0,979.0,260.0,17.5,1.5,11.2,0.9,24335.0,747.0,20.8,1.0,14.5,0.1,26.4,0.0,13.5,0.7,11.3,1.2,52.0,0.1,10.3,0.9,8.4,1.0,5.2,0.7,6.7,1.0,6.5,0.9,1.0,0.3,0.5614,0.7193,0.6491,0.7368,2.6667,0.7368,0.5263,0.7193,0.5789,0.7544,2.5789,0.8596,0.5439,0.7719,1.3158,0.614,0.6491,0.4211,0.614,0.5439,0.0526,2.2807,0.3509,8.8421,0.7018,0.0,0.0,0.0,0.0,0.0,0.0,0.0,0.0,0.0,0.0,0.0,0.0,0.0,0.0,0.0,0.0,0.0,0.0,0.0,0.0,12398.0,928.0,13.2,1.0,86896.0
06,CALIFORNIA,CA,Tehama,06103,"Tehama County, California",2949.711327425208,63015.0,0.0,27225.0,137.0,23573.0,477.0,13363.0,1536.0,3340.0,608.0,21521.0,887.0,7319.0,560.0,11276.0,101.0,15159.0,0.0,12442.0,912.0,2515.0,412.8,19014.0,53.0,2385.0,474.9,727.0,199.5,5437.0,465.0,1247.0,293.6,1499.0,302.0,886.0,304.0,21.5,2.5,12.6,2.2,21521.0,887.0,17.1,1.3,17.9,0.2,24.1,0.0,19.9,1.5,10.7,1.7,30.2,0.1,4.0,0.8,2.7,0.7,20.0,1.7,5.3,1.2,6.4,1.3,1.4,0.5,0.8246,0.9123,0.807,0.6316,3.1754,0.8596,0.6842,0.6667,0.8421,0.6667,2.8596,1.0,0.2982,0.3684,0.6667,0.3333,0.1579,0.9474,0.5088,0.5088,0.2632,2.386,0.4035,9.0877,0.7544,0.0,1.0,0.0,0.0,1.0,0.0,0.0,0.0,0.0,0.0,0.0,0.0,0.0,0.0,1.0,0.0,0.0,0.0,1.0,2.0,6761.0,854.0,10.8,1.4,56917.0
06,CALIFORNIA,CA,Trinity,06105,"Trinity County, California",3179.266262636502,13180.0,0.0,8788.0,51.0,5468.0,225.0,2607.0,447.0,526.0,158.0,22387.0,1450.0,951.0,194.0,3181.0,79.0,2277.0,64.0,3058.0,354.0,530.0,136.0,2244.0,7.0,105.0,98.8,82.0,45.9,1911.0,221.0,193.0,79.6,249.0,93.0,306.0,106.0,20.1,3.4,9.9,3.0,22387.0,1450.0,9.3,1.9,24.1,0.6,17.3,0.5,23.5,2.7,9.7,2.5,17.0,0.1,0.8,0.8,0.9,0.5,21.7,2.5,3.5,1.4,4.6,1.7,2.3,0.8,0.7193,0.5439,0.7368,0.1053,2.1053,0.5439,0.9123,0.1228,1.0,0.5789,2.614,0.8947,0.0526,0.0175,0.0702,0.0,0.0175,0.9649,0.3158,0.193,0.5263,2.0175,0.2105,6.807,0.4386,0.0,0.0,0.0,0.0,0.0,1.0,0.0,1.0,0.0,2.0,0.0,0.0,0.0,0.0,1.0,0.0,0.0,0.0,1.0,3.0,2135.0,333.0,16.4,2.6,10761.0
06,CALIFORNIA,CA,Tulare,06107,"Tulare County, California",4824.350780373784,455769.0,0.0,145661.0,183.0,134153.0,756.0,127130.0,4781.0,20254.0,1078.0,18257.0,372.0,83735.0,1768.0,47492.0,29.0,143945.0,85.0,54945.0,1859.0,19616.0,1149.3,318612.0,799.0,61876.0,2087.7,5234.0,481.8,9978.0,644.0,13265.0,774.7,8627.0,532.0,5612.0,498.0,28.3,1.1,10.6,0.6,18257.0,372.0,31.8,0.7,10.4,0.1,31.6,0.0,12.2,0.4,14.6,0.9,69.9,0.2,14.9,0.5,3.6,0.3,6.9,0.4,9.9,0.6,6.4,0.4,1.2,0.1,1.0,0.6316,0.9825,0.9649,3.5789,0.9649,0.0351,1.0,0.4386,0.9474,2.4211,0.7193,0.9474,0.9649,1.9123,0.9649,0.2456,0.5965,0.9298,0.5088,0.193,2.4737,0.4561,10.386,0.8947,1.0,0.0,1.0,1.0,3.0,0.0,1.0,0.0,1.0,2.0,1.0,1.0,2.0,0.0,0.0,1.0,0.0,0.0,1.0,8.0,67127.0,2612.0,14.9,0.6,445516.0
06,CALIFORNIA,CA,Tuolumne,06109,"Tuolumne County, California",2220.929779972772,53864.0,0.0,31358.0,139.0,22083.0,509.0,7176.0,774.0,2570.0,426.0,29431.0,1815.0,4154.0,457.0,12628.0,96.0,8983.0,90.0,10165.0,669.0,1367.0,298.8,10121.0,13.0,483.0,164.7,726.0,191.8,2988.0,362.0,677.0,206.2,1296.0,237.0,3395.0,277.0,14.2,1.5,11.6,1.9,29431.0,1815.0,10.2,1.1,23.4,0.2,16.7,0.2,20.0,1.3,6.2,1.3,18.8,0.0,0.9,0.3,2.3,0.6,9.5,1.2,3.1,0.9,5.9,1.1,6.3,0.5,0.4035,0.7544,0.386,0.193,1.7368000000000001,0.4211,0.8772,0.1053,0.8772,0.1404,2.0,0.4386,0.1053,0.0351,0.1404,0.0702,0.1228,0.7368,0.2982,0.4561,0.9298,2.5439,0.5088,6.4211,0.3158,0.0,0.0,0.0,0.0,0.0,0.0,0.0,0.0,0.0,0.0,0.0,0.0,0.0,0.0,0.0,0.0,0.0,1.0,1.0,1.0,4409.0,705.0,8.7,1.4,50970.0
06,CALIFORNIA,CA,Ventura,06111,"Ventura County, California",1843.015614583878,843110.0,0.0,284759.0,298.0,269338.0,1020.0,88486.0,3642.0,32651.0,1468.0,34331.0,407.0,92033.0,1948.0,114620.0,78.0,204168.0,0.0,87687.0,1965.0,22890.0,967.2,449809.0,290.0,79050.0,2590.7,30171.0,1067.0,10908.0,569.0,18811.0,918.9,11988.0,710.0,12185.0,824.0,10.6,0.4,7.5,0.3,34331.0,407.0,16.6,0.4,13.6,0.1,24.2,0.0,10.5,0.2,8.5,0.4,53.4,0.0,10.0,0.3,10.6,0.4,3.8,0.2,7.0,0.3,4.5,0.3,1.4,0.1,0.1404,0.2807,0.2105,0.614,1.2456,0.2632,0.4386,0.6842,0.2281,0.4912,1.8420999999999998,0.386,0.5789,0.7544,1.3333,0.6491,0.7544,0.2456,0.6667,0.1754,0.2982,2.1404,0.2456,6.5614,0.3509,0.0,0.0,0.0,0.0,0.0,0.0,0.0,0.0,0.0,0.0,0.0,0.0,0.0,0.0,0.0,0.0,0.0,0.0,0.0,0.0,103017.0,3351.0,12.3,0.4,800464.0
06,CALIFORNIA,CA,Yolo,06113,"Yolo County, California",1014.775152167116,209671.0,0.0,76478.0,263.0,72544.0,578.0,38898.0,2488.0,8105.0,685.0,28996.0,564.0,17555.0,950.0,23781.0,28.0,45453.0,0.0,20924.0,938.0,5883.0,475.1,108847.0,185.0,13675.0,961.2,10843.0,642.4,3214.0,380.0,3672.0,461.3,5711.0,466.0,8266.0,706.0,19.3,1.2,7.9,0.7,28996.0,564.0,14.4,0.8,11.3,0.1,21.7,0.0,10.1,0.5,8.1,0.7,51.9,0.1,6.9,0.5,14.2,0.8,4.2,0.5,5.1,0.6,7.9,0.6,3.9,0.3,0.7018,0.3333,0.4211,0.5263,1.9825,0.4912,0.1228,0.4561,0.2105,0.4386,1.2281,0.1053,0.5263,0.5088,1.0351,0.4912,0.8421,0.2982,0.4561,0.8772,0.7719,3.2456,0.8947,7.4912,0.5439,0.0,0.0,0.0,0.0,0.0,0.0,0.0,0.0,0.0,0.0,0.0,0.0,0.0,0.0,0.0,0.0,0.0,0.0,0.0,0.0,19648.0,1261.0,9.4,0.6,214590.0
06,CALIFORNIA,CA,Yuba,06115,"Yuba County, California",632.037834185096,73897.0,0.0,28039.0,98.0,25655.0,402.0,15080.0,1399.0,3822.0,464.0,21418.0,909.0,8159.0,617.0,8463.0,84.0,20606.0,0.0,12114.0,754.0,3124.0,387.7,31747.0,23.0,3461.0,478.6,1576.0,272.7,2654.0,318.0,1923.0,342.7,1772.0,272.0,1358.0,258.0,20.8,1.9,12.7,1.5,21418.0,909.0,17.8,1.4,11.5,0.1,27.9,0.0,16.9,1.1,12.2,1.5,43.0,0.0,5.1,0.7,5.6,1.0,9.5,1.1,7.5,1.3,6.9,1.1,1.8,0.3,0.7719,0.9298,0.8246,0.6491,3.1754,0.8772,0.1404,0.8947,0.6667,0.807,2.5088,0.8246,0.4737,0.4211,0.8947,0.4386,0.4561,0.7368,0.7193,0.6491,0.4211,2.9825,0.7018,9.5614,0.8421,0.0,1.0,0.0,0.0,1.0,0.0,0.0,0.0,0.0,0.0,0.0,0.0,0.0,0.0,0.0,0.0,0.0,0.0,0.0,1.0,8750.0,730.0,12.2,1.0,66421.0
