COUNTY,AQI,YEARS,CURRENT PREVALENCE,95% CONFIDENCE INTERVAL,STCNTY,FIPS,AREA_SQMI,E_TOTPOP,E_HU,E_HH,E_POV150,E_UNEMP,E_HBURD,E_NOHSDP,E_UNINSUR,E_AGE65,E_AGE17,E_DISABL,E_SNGPNT,E_LIMENG,E_MINRTY,E_MUNIT,E_MOBILE,E_CROWD,E_NOVEH,E_GROUPQ,EP_POV150,EP_UNEMP,EP_HBURD,EP_NOHSDP,EP_UNINSUR,EP_AGE65,EP_AGE17,EP_DISABL,EP_SNGPNT,EP_LIMENG,EP_MINRTY,EP_MUNIT,EP_MOBILE,EP_CROWD,EP_NOVEH,EP_GROUPQ,EPL_POV150,EPL_UNEMP,EPL_HBURD,EPL_NOHSDP,EPL_UNINSUR,SPL_THEME1,RPL_THEME1,EPL_AGE65,EPL_AGE17,EPL_DISABL,EPL_SNGPNT,EPL_LIMENG,SPL_THEME2,RPL_THEME2,EPL_MINRTY,SPL_THEME3,RPL_THEME3,EPL_MUNIT,EPL_MOBILE,EPL_CROWD,EPL_NOVEH,EPL_GROUPQ,SPL_THEME4,RPL_THEME4,SPL_THEMES,RPL_THEMES,E_DAYPOP,E_NOINT,E_AFAM,E_HISP,E_ASIAN,E_AIAN,E_NHPI,E_TWOMORE,E_OTHERRACE,EP_NOINT,EP_AFAM,EP_HISP,EP_ASIAN,EP_AIAN,EP_NHPI,EP_TWOMORE,EP_OTHERRACE
Alameda,49.945205479452056,2022,9.6,(7.7-11.5),06001,06001,737.458876773714,1663823,622856,585818,231148,45290,137412,128786,66485,243239,332827,157897,27231,115693,1176371,142912,7216,43569,54476,34674,14.1,4.9,23.5,10.8,4,14.6,20,9.5,4.6,7.4,70.7,23,1.2,7.4,9.3,2.1,0.1053,0.1053,0.1579,0.3684,0.0702,0.8071,0.0877,0.2807,0.3333,0.0877,0.3333,0.5965,1.6315,0.0702,0.8421,0.8421,0.8421,0.9474,0.0351,0.7193,0.9825,0.4912,3.1755,0.8596,6.4562,0.2807,1716655,41240,165390,369603,530999,4870,12278,83622,9609,7,9.9,22.2,31.9,0.3,0.7,5,0.6
Amador,36.96703296703294,2022,13.9,(9.8-18.1),06005,06005,594.584366047242,40577,18813,15745,5543,1016,4638,3032,1817,10925,6244,6812,408,411,10184,696,1305,433,845,3050,14.8,6,29.5,9.5,4.8,26.9,15.4,18.1,2.5,1.1,25.1,3.7,6.9,2.7,5.4,7.5,0.1754,0.386,0.5439,0.2982,0.1579,1.5614,0.2632,0.8596,0.0351,0.8421,0.0175,0.1053,1.8596,0.1754,0.1754,0.1754,0.1754,0.2456,0.614,0.1754,0.5439,0.9298,2.5087,0.5088,6.1051,0.2281,39375,2060,668,6140,506,395,15,2182,278,13.1,1.6,15.1,1.2,1,0,5.4,0.7
Butte,52.89589041095889,2022,10.4,(7.3-13.6),06007,06007,1636.488965591808,213605,93069,83319,58898,7344,26926,13468,13966,38852,43011,34705,4138,5128,66604,8319,10285,3146,5063,6182,28.2,7.1,32.3,9.7,6.6,18.2,20.1,16.4,5,2.5,31.2,8.9,11.1,3.8,6.1,2.9,0.8421,0.5789,0.807,0.3158,0.4912,3.035,0.6491,0.5789,0.3684,0.7368,0.4386,0.2807,2.4034,0.4561,0.2632,0.2632,0.2632,0.614,0.807,0.2807,0.7193,0.6316,3.0526,0.807,8.7542,0.5965,210449,8412,3695,38361,10818,1514,605,10992,619,10.1,1.7,18,5.1,0.7,0.3,5.1,0.3
Calaveras,42.07967032967033,2022,13.9,(9.8-18.1),06009,06009,1020.01868837072,45674,27521,17198,9689,1150,5530,2637,2650,13155,7690,9660,546,254,9927,388,1799,342,355,502,21.4,6.2,32.2,7.4,5.8,28.8,16.8,21.3,3.2,0.6,21.7,1.4,6.5,2,2.1,1.1,0.4737,0.4211,0.7895,0.1579,0.2807,2.1229,0.4035,0.9298,0.0702,0.9825,0.0702,0,2.0527,0.2807,0.0877,0.0877,0.0877,0.0351,0.5439,0.0175,0,0.0877,0.6842,0,4.9475,0.0702,36233,2464,450,6197,896,372,37,1964,11,14.3,1,13.6,2,0.8,0.1,4.3,0
Colusa,45.10468319559228,2022,11.4,(7.5-15.3),06011,06011,1150.678727191492,21811,8107,7432,4883,773,2049,3747,1980,3299,5807,2841,597,2975,14508,176,500,384,340,230,22.6,7.4,27.6,26.7,9.1,15.1,26.6,13.1,8,14.6,66.5,2.2,6.2,5.1,4.6,1.1,0.5439,0.6316,0.3684,0.9474,0.8772,3.3685,0.7719,0.3509,0.8246,0.5789,0.8947,0.9649,3.614,0.9825,0.7368,0.7368,0.7368,0.0702,0.4912,0.4737,0.2807,0.0877,1.4035,0.1053,9.1228,0.6842,22793,1441,306,13280,127,153,23,577,42,19.4,1.4,60.9,0.6,0.7,0.1,2.6,0.2
Contra Costa,50.89041095890411,2022,11.1,(8.6-13.6),06013,06013,716.89599082121,1162648,424057,408537,155421,35616,91531,83135,53839,190307,258051,130100,23208,65143,690897,55461,6325,22857,20801,11454,13.5,5.8,22.4,10.3,4.7,16.4,22.2,11.2,5.7,5.9,59.4,13.1,1.5,5.6,5.1,1,0.0702,0.3158,0.1404,0.3333,0.1228,0.9825,0.1053,0.4737,0.6316,0.2281,0.5614,0.4912,2.386,0.4211,0.6316,0.6316,0.6316,0.7895,0.0702,0.5088,0.4386,0.0351,1.8422,0.1404,5.8423,0.1754,994505,21205,97612,306895,209562,1960,5405,62504,6959,5.2,8.4,26.4,18,0.2,0.5,5.4,0.6
Del Norte,29.89825581395349,2022,9,(3.4-14.6),06015,06015,1006.20105339317,27462,11103,9530,6351,662,2628,3305,1537,5261,5798,4860,425,425,10786,527,2243,282,698,2328,25.3,6.3,27.6,16.8,6.1,19.2,21.1,19.3,4.5,1.6,39.3,4.7,20.2,3,7.3,8.5,0.7018,0.4737,0.3684,0.6667,0.3333,2.5439,0.5263,0.614,0.4386,0.9474,0.2807,0.1754,2.4561,0.4737,0.4035,0.4035,0.4035,0.3684,0.9649,0.2105,0.8947,0.9474,3.3859,0.9298,8.7894,0.614,27228,971,730,5607,830,1749,79,1597,194,10.2,2.7,20.4,3,6.4,0.3,5.8,0.7
El Dorado,48.69589041095888,2022,10,(6.5-13.6),06017,06017,1707.840348009224,191713,93679,75190,26019,4244,18907,7420,7976,42605,37685,23444,2978,2279,46882,4157,5166,1719,2881,1901,13.7,4.6,25.1,5.3,4.2,22.2,19.7,12.3,3.9,1.2,24.5,4.4,5.5,2.3,3.8,1,0.0877,0.0877,0.2456,0.0526,0.1053,0.5789,0.0702,0.7368,0.2982,0.4211,0.1579,0.1228,1.7368,0.1053,0.1579,0.1579,0.1579,0.2807,0.4561,0.1228,0.1053,0.0351,1,0.0175,3.4736,0.0175,162103,6133,1248,25930,9446,661,308,8608,681,8.2,0.7,13.5,4.9,0.3,0.2,4.5,0.4
Fresno,75.96164383561643,2022,13.8,(11.3-16.3),06019,06019,5958.379845305886,1008280,339270,318322,304890,39943,106907,135775,71873,125708,282976,128292,27809,95429,732515,32723,13467,33593,23481,18690,30.8,8.6,33.6,21.7,7.2,12.5,28.1,12.9,8.7,10.2,72.6,9.7,4,10.5,7.4,1.9,0.9123,0.8596,0.9298,0.8421,0.6316,4.1754,0.9123,0.0877,0.9298,0.5439,0.9298,0.8246,3.3158,0.8947,0.9123,0.9123,0.9123,0.6316,0.2807,0.9474,0.9123,0.3509,3.1229,0.8421,11.5264,0.9474,1045165,46147,42216,546774,105291,4220,1539,28688,3787,14.5,4.2,54.2,10.4,0.4,0.2,2.8,0.4
Glenn,43.99166666666666,2022,11.4,(7.5-15.3),06021,06021,1313.966997764498,28657,10914,9742,7358,1040,2799,4100,3104,4835,7580,3599,427,2129,14434,1070,1471,401,347,250,25.9,7.7,28.7,22.2,10.9,16.9,26.5,12.7,4.4,8,50.4,9.8,13.5,4.1,3.6,0.9,0.7544,0.7544,0.4211,0.8596,0.9474,3.7369,0.8596,0.5263,0.807,0.4912,0.2281,0.6667,2.7193,0.6842,0.5088,0.5088,0.5088,0.6491,0.8947,0.3158,0.0877,0.0175,1.9648,0.193,8.9298,0.6667,25914,1367,72,12418,985,289,41,589,40,14,0.3,43.3,3.4,1,0.1,2.1,0.1
Humboldt,26.920547945205474,2022,12.8,(6.7-18.9),06023,06023,3568.02310732444,136132,62306,54495,39656,6162,20247,8177,8305,25688,25608,24235,3387,2232,38716,2820,4814,2264,3794,4137,29.8,9.2,37.2,8.7,6.1,18.9,18.8,17.9,6.2,1.7,28.4,4.5,7.7,4.1,7,3,0.8772,0.9123,1,0.2456,0.3333,3.3684,0.7544,0.5965,0.2105,0.7895,0.6667,0.193,2.4562,0.5088,0.2105,0.2105,0.2105,0.3158,0.6842,0.3158,0.8596,0.6491,2.8245,0.6316,8.8596,0.6491,133463,6026,1601,17129,4256,4593,324,9980,833,11.1,1.2,12.6,3.1,3.4,0.2,7.3,0.6
Imperial,76.95342465753424,2022,11,(7.1-14.9),06025,06025,4175.536860234826,179578,56907,47024,60845,9205,16352,31660,11731,23671,51049,24352,4607,32857,162397,4257,5612,4411,2955,8171,35.5,13.2,34.8,28.7,6.8,13.2,28.4,14.2,9.8,19.8,90.4,7.5,9.9,9.4,6.3,4.6,1,1,0.9825,1,0.5614,4.5439,1,0.1579,0.9474,0.6667,1,1,3.772,1,1,1,1,0.5088,0.7544,0.8772,0.7895,0.807,3.7369,0.9825,13.0528,1,191441,5865,4084,153382,2337,1277,44,1185,88,12.5,2.3,85.4,1.3,0.7,0,0.7,0
Inyo,75.6849315068493,2022,13.9,(9.8-18.1),06027,06027,10197.256158329406,18829,9471,7849,3629,426,2137,962,1238,4487,3838,3075,322,167,7616,199,2189,159,405,800,19.7,4.9,27.2,6.9,6.7,23.8,20.4,16.7,4.1,0.9,40.4,2.1,23.1,2.1,5.2,4.2,0.4035,0.1053,0.3509,0.1404,0.5439,1.544,0.2456,0.807,0.4035,0.7544,0.193,0.0702,2.2281,0.3509,0.4211,0.4211,0.4211,0.0526,1,0.0526,0.4737,0.7719,2.3508,0.3684,6.544,0.2982,18459,1371,121,4500,268,1513,176,996,42,17.5,0.6,23.9,1.4,8,0.9,5.3,0.2
Kern,87.63287671232881,2022,7.9,(5.1-10.8),06029,06029,8134.669306636574,906883,301687,277499,283531,32872,94760,129756,68569,102703,261013,100653,25534,83768,621664,18921,22460,26670,17883,27027,32.2,8.4,34.1,23.4,7.8,11.3,28.8,11.4,9.2,10,68.5,6.3,7.4,9.6,6.4,3,0.9649,0.8421,0.9649,0.8772,0.7368,4.3859,0.9474,0.0175,0.9649,0.2807,0.9649,0.807,3.035,0.807,0.7895,0.7895,0.7895,0.4386,0.6491,0.8947,0.8246,0.6491,3.4561,0.9649,11.6665,0.9649,927620,33025,44199,501705,43481,3429,1044,24493,3313,11.9,4.9,55.3,4.8,0.4,0.1,2.7,0.4
Kings,72.89589041095888,2022,8.7,(6-11.4),06031,06031,1390.971808832452,152515,46500,43594,38775,5352,13565,24260,10117,15971,41048,16895,3693,14477,106629,3094,1979,3625,2109,12997,27.8,9.2,31.1,25.5,7.4,10.5,26.9,12.4,8.4,10.2,69.9,6.6,4.3,8.3,4.8,8.5,0.807,0.9123,0.7018,0.8947,0.6842,4,0.8947,0,0.8772,0.4561,0.9123,0.8246,3.0702,0.8246,0.8246,0.8246,0.8246,0.4561,0.3333,0.7895,0.3684,0.9474,2.8947,0.7018,10.7895,0.8947,150475,5761,9091,85622,5705,1133,255,4537,286,13.2,6,56.1,3.7,0.7,0.2,3,0.2
Lake,33.03030303030304,2022,6.7,(3.9-9.6),06033,06033,1255.081502203306,68024,34313,26487,19017,2948,8590,6542,4359,15801,14511,13359,1298,1988,22765,1156,7207,1095,1485,1047,28.5,10.4,32.4,13.4,6.5,23.2,21.3,19.8,4.9,3.1,33.5,3.3,21,4.1,5.6,1.5,0.8596,0.9474,0.8596,0.5965,0.4561,3.7192,0.8421,0.7544,0.5263,0.9649,0.4035,0.3509,3,0.7895,0.2982,0.2982,0.2982,0.1754,0.9825,0.3158,0.6316,0.193,2.2983,0.3333,9.3157,0.7544,58788,4275,1507,15672,905,1579,199,2654,249,16.1,2.2,23,1.3,2.3,0.3,3.9,0.4
Los Angeles,85.60273972602735,2022,8.1,(7.4-8.7),06037,06037,4060.244062868932,9936690,3599561,3363093,2222770,365544,1138428,1364653,888735,1415856,2093072,1045189,199951,1173967,7431513,995678,56730,372330,291082,201521,22.7,7,33.9,19.7,9,14.2,21.1,10.6,5.9,12.5,74.8,27.7,1.6,11,8.7,2,0.5789,0.5614,0.9474,0.7719,0.8421,3.7017,0.8246,0.2281,0.4386,0.1579,0.614,0.9123,2.3509,0.386,0.9649,0.9649,0.9649,0.9825,0.0877,0.9825,0.9649,0.4035,3.4211,0.9474,10.4386,0.8596,9925418,325015,753155,4837594,1452646,18662,20597,298906,49953,9.7,7.6,48.7,14.6,0.2,0.2,3,0.5
Madera,59.068493150684915,2022,10.6,(6.7-14.4),06039,06039,2136.916867024202,157243,49880,43857,46401,7492,13274,27680,11459,22292,42872,20990,3393,18159,107326,2302,3218,4785,1881,6749,30.9,11.1,30.3,27.9,7.6,14.2,27.3,13.9,7.7,12.4,68.3,4.6,6.5,10.9,4.3,4.3,0.9298,0.9825,0.5965,0.9649,0.7193,4.193,0.9298,0.2281,0.9123,0.6491,0.8421,0.8947,3.5263,0.9649,0.7719,0.7719,0.7719,0.3333,0.5439,0.9649,0.2105,0.7895,2.8421,0.6491,11.3333,0.9298,154468,4781,3854,93855,3572,729,91,4777,448,10.9,2.5,59.7,2.3,0.5,0.1,3,0.3
Marin,39.47945205479451,2022,7.4,(4.8-10),06041,06041,520.42308346750394,260485,111681,103709,26716,7887,21634,12608,9485,60391,50946,24600,4571,10628,80145,14459,1353,4372,4775,6798,10.4,5.8,20.9,6.6,3.7,23.2,19.6,9.6,4.4,4.3,30.8,13,1.2,4.2,4.6,2.6,0.0175,0.3158,0.0702,0.1053,0.0351,0.5439,0.0526,0.7544,0.2807,0.1053,0.2281,0.4035,1.772,0.1228,0.2281,0.2281,0.2281,0.7719,0.0351,0.3684,0.2807,0.5789,2.035,0.2105,4.579,0.0526,250460,5305,5725,43143,16170,249,430,12416,2012,5.1,2.2,16.6,6.2,0.1,0.2,4.8,0.8
Mariposa,60.47397260273977,2022,13.9,(9.8-18.1),06043,06043,1448.83886886247,17130,9824,7597,4142,482,2219,1089,1228,5027,2927,3216,469,396,3897,318,1648,290,393,1752,24.4,6.2,29.2,8.1,7.2,29.3,17.1,18.9,6.2,2.4,22.7,3.3,16.8,3.8,5.2,10.2,0.6667,0.4211,0.4737,0.2105,0.6316,2.4036,0.4737,0.9474,0.1228,0.9298,0.6667,0.2632,2.9299,0.7544,0.1228,0.1228,0.1228,0.1754,0.9474,0.2807,0.4737,0.9825,2.8597,0.6667,8.316,0.5439,15272,1173,135,2223,227,238,62,857,155,15.4,0.8,13,1.3,1.4,0.4,5,0.9
Mendocino,53.547945205479465,2022,13.9,(9-18.8),06045,06045,3506.804948344802,91145,41380,34557,22772,3811,11532,8620,8317,21197,19250,16931,2418,3818,33894,1847,4113,1708,2771,2437,25.4,9.1,33.4,13.2,9.2,23.3,21.1,18.7,7,4.4,37.2,4.4,9.9,4.9,8,2.7,0.7193,0.8947,0.9123,0.5614,0.8947,3.9824,0.8772,0.7895,0.4386,0.8947,0.7544,0.4211,3.2983,0.8772,0.3684,0.3684,0.3684,0.2807,0.7544,0.4386,0.9474,0.5965,3.0176,0.7719,10.6667,0.8772,88389,4852,557,24414,1906,2633,86,3813,485,14,0.6,26.8,2.1,2.9,0.1,4.2,0.5
Merced,59.25753424657534,2022,9.2,(6.3-12.2),06047,06047,1938.003132479464,282290,87895,82760,82946,13272,26314,48122,25206,32222,82317,35696,7948,35832,211136,4109,5939,7161,5918,5553,30,10.7,31.8,28.6,9,11.4,29.2,12.8,9.6,13.7,74.8,4.6,6.8,8.6,7.2,2,0.8947,0.9649,0.7544,0.9825,0.8421,4.4386,0.9825,0.0351,0.9825,0.5263,0.9825,0.9474,3.4738,0.9474,0.9649,0.9649,0.9649,0.3333,0.5965,0.8246,0.8772,0.4035,3.0351,0.7895,11.9124,0.9825,274994,8906,7706,174732,20194,760,772,6443,529,10.8,2.7,61.9,7.2,0.3,0.3,2.3,0.2
Mono,119.53150684931532,2022,13.9,(9.8-18.1),06051,06051,3048.902807294826,13219,13625,5473,2047,144,1212,1236,1916,2075,2509,1047,90,502,4729,2476,864,257,132,452,15.6,1.9,22.1,12.8,14.7,15.7,19,8,1.6,4,35.8,18.1,6.3,4.6,2.4,3.4,0.2105,0,0.1053,0.5263,1,1.8421,0.3333,0.4035,0.2456,0,0,0.386,1.0351,0,0.3333,0.3333,0.3333,0.8596,0.5088,0.4035,0.0175,0.7193,2.5087,0.5088,5.7192,0.1404,12470,563,23,3582,539,152,0,289,144,10.3,0.2,27.1,4.1,1.1,0,2.2,1.1
Monterey,40.4027397260274,2022,6.6,(2.3-11),06053,06053,3281.716303231094,437609,143743,130973,90393,10504,37709,74511,42022,62381,113042,38882,7286,69012,312471,16268,6317,18443,6253,17876,21.5,5.3,28.8,26.6,9.9,14.3,25.8,9.2,5.6,16.9,71.4,11.3,4.4,14,4.8,4.1,0.4912,0.2105,0.4386,0.9298,0.9298,2.9999,0.6316,0.2632,0.7719,0.0702,0.5263,0.9825,2.6141,0.614,0.8947,0.8947,0.8947,0.7544,0.3509,1,0.3684,0.7544,3.2281,0.8772,9.7368,0.807,449528,10635,8977,261954,24715,647,1885,13043,1250,8.1,2.1,59.9,5.6,0.1,0.4,3,0.3
Nevada,59.112328767123316,2022,9.2,(5.8-12.6),06057,06057,957.7597177046,102322,53690,41415,17620,2090,13208,3889,5713,29045,17355,13871,1327,1155,17324,2106,2712,572,1687,1471,17.4,4.4,31.9,4.9,5.6,28.4,17,13.7,3.2,1.2,16.9,4,5.1,1.4,4.1,1.4,0.2807,0.0351,0.7719,0.0175,0.2456,1.3508,0.1754,0.9123,0.0877,0.614,0.0702,0.1228,1.807,0.1404,0.0175,0.0175,0.0175,0.2632,0.4386,0,0.1754,0.1754,1.0526,0.0702,4.2279,0.0351,95099,3916,376,10202,1423,317,149,4640,217,9.5,0.4,10,1.4,0.3,0.1,4.5,0.2
Orange,54.54246575342465,2022,6.7,(5.5-7.9),06059,06059,792.857361234164,3175227,1130658,1066286,506661,90700,275579,289458,217938,488359,680041,288217,52544,265062,1954051,225367,29954,93131,49514,50842,16.1,5.4,25.8,13.2,6.9,15.4,21.4,9.1,4.9,8.8,61.5,20,2.6,8.8,4.6,1.6,0.2456,0.2632,0.3158,0.5614,0.5789,1.9649,0.3509,0.386,0.5439,0.0526,0.4035,0.7018,2.0878,0.2982,0.6491,0.6491,0.6491,0.8772,0.1404,0.8421,0.2807,0.2281,2.3685,0.4211,7.0703,0.3684,3474418,66696,48898,1077367,682736,3771,8655,121149,11475,6.3,1.5,33.9,21.5,0.1,0.3,3.8,0.4
Placer,63.08767123287669,2022,10.4,(8.2-12.7),06061,06061,1407.085755339046,406608,173090,152537,44356,8466,35956,14496,13509,81151,89190,45393,6836,6748,126648,13343,4792,3215,5740,5163,11,4.3,23.6,5.1,3.3,20,21.9,11.2,4.5,1.7,31.1,7.7,2.8,2.1,3.8,1.3,0.0351,0.0175,0.1754,0.0351,0,0.2631,0,0.6491,0.5789,0.2281,0.2807,0.193,1.9298,0.2281,0.2456,0.2456,0.2456,0.5263,0.1754,0.0526,0.1053,0.1404,1,0.0175,3.4385,0,421650,10857,6389,60469,35057,903,568,21522,1740,7.1,1.6,14.9,8.6,0.2,0.1,5.3,0.4
Plumas,58.278551532033454,2022,9,(3.4-14.6),06063,06063,2553.061162870744,19650,15436,8104,3476,667,1925,899,965,5814,3412,3546,249,112,3528,340,1546,218,361,430,18,8,23.8,5.9,5,29.6,17.4,18.2,3,0.6,18,2.2,10,2.7,4.5,2.2,0.3509,0.7895,0.193,0.0702,0.193,1.5966,0.2807,0.9649,0.1579,0.8772,0.0526,0,2.0526,0.2632,0.0351,0.0351,0.0351,0.0702,0.7895,0.1754,0.2456,0.5088,1.7895,0.1228,5.4738,0.1228,20020,1246,225,1959,110,203,40,977,14,15.4,1.1,10,0.6,1,0.2,5,0.1
Riverside,103.66849315068501,2022,8.3,(7-9.6),06065,06065,7209.23715958189,2429487,851646,749976,471059,77625,226640,269031,193874,359162,597531,279746,46621,170207,1641404,66012,73733,55498,30337,38475,19.7,6.7,30.2,16.9,8.1,14.8,24.6,11.6,6.3,7.5,67.6,7.7,8.7,7.4,4,1.6,0.4035,0.5439,0.5789,0.6842,0.7719,2.9824,0.614,0.3333,0.7193,0.3158,0.7018,0.614,2.6842,0.6667,0.7544,0.7544,0.7544,0.5263,0.7368,0.7193,0.1579,0.2281,2.3684,0.4035,8.7894,0.614,2201000,61242,148072,1233277,161597,7457,6771,75626,8604,8.2,6.1,50.8,6.7,0.3,0.3,3.1,0.4
Sacramento,59.8958904109589,2022,12.2,(10.1-14.4),06067,06067,965.279327514816,1579211,588894,563856,326606,50165,173550,125208,80933,230399,365288,192518,38583,92721,912521,77566,13540,32335,34973,25735,20.9,6.3,30.8,11.6,5.2,14.6,23.1,12.3,6.9,6.3,57.8,13.2,2.3,5.7,6.2,1.6,0.4561,0.4737,0.6667,0.4737,0.2105,2.2807,0.4211,0.2807,0.6842,0.4211,0.7368,0.5263,2.6491,0.6491,0.614,0.614,0.614,0.807,0.1228,0.5263,0.7544,0.2281,2.4386,0.4737,7.9824,0.5263,1630416,40559,145484,378350,267722,4428,17204,91897,7436,7.2,9.2,24,17,0.3,1.1,5.8,0.5
San Benito,43.68493150684932,2022,7.1,(4.2-10.1),06069,06069,1388.65101110067,64753,20485,19852,9242,2127,4432,6899,4024,8524,16474,6899,1324,5503,44677,490,740,1381,631,358,14.4,6.2,22.3,16.3,6.2,13.2,25.4,10.7,6.6,9.1,69,2.4,3.6,7,3.2,0.6,0.1404,0.4211,0.1228,0.6491,0.4035,1.7369,0.3158,0.1579,0.7368,0.1754,0.7193,0.7368,2.5262,0.5614,0.807,0.807,0.807,0.1053,0.2456,0.6842,0.0526,0,1.0877,0.0877,6.1578,0.2632,50218,1361,541,39768,1888,201,109,2125,45,6.9,0.8,61.4,2.9,0.3,0.2,3.3,0.1
San Bernardino,96.02739726027393,2022,9.9,(8.4-11.3),06071,06071,20068.157665243383,2180563,733104,659928,501642,73890,213399,258388,183955,259927,564737,243952,50580,153635,1616784,76647,41493,59941,29933,42848,23.5,7.2,32.3,18.6,8.6,11.9,25.9,11.4,7.7,7.5,74.1,10.5,5.7,9.1,4.5,2,0.5965,0.5965,0.807,0.7368,0.807,3.5438,0.807,0.0702,0.7895,0.2807,0.8421,0.614,2.5965,0.5965,0.9474,0.9474,0.9474,0.7193,0.4737,0.8596,0.2456,0.4035,2.7017,0.5965,9.7894,0.8246,2126853,61385,163402,1200147,163835,6234,6445,68421,8300,9.3,7.5,55,7.5,0.3,0.3,3.1,0.4
San Diego,68.58356164383561,2022,8.5,(7.5-9.5),06073,06073,4210.264493040512,3289701,1230349,1149157,561304,106617,337243,254837,231067,481993,697372,331418,61885,187078,1856103,274676,42373,78764,62302,99654,17.5,6.3,29.3,11.3,7.3,14.7,21.2,10.4,5.4,6,56.4,22.3,3.4,6.8,5.4,3,0.2982,0.4737,0.4912,0.4386,0.6667,2.3684,0.4386,0.3158,0.4912,0.1228,0.4912,0.5088,1.9298,0.2281,0.5439,0.5439,0.5439,0.9298,0.2281,0.6491,0.5439,0.6491,3,0.7368,7.8421,0.4912,3445212,71504,149105,1134647,387969,9338,12385,148992,13667,6.2,4.5,34.5,11.8,0.3,0.4,4.5,0.4
San Francisco,39.02747252747251,2022,7.5,(5.4-9.5),06075,06075,46.736020838376,851036,408198,360842,135610,28177,76132,76277,30406,142119,115402,91697,10560,88324,525136,160199,414,24049,107954,23369,16.2,5.4,21.1,11.2,3.6,16.7,13.6,10.8,2.9,10.8,61.7,39.2,0.1,6.7,29.9,2.7,0.2632,0.2632,0.0877,0.4211,0.0175,1.0527,0.1228,0.5088,0,0.193,0.0351,0.8772,1.6141,0.0526,0.6842,0.6842,0.6842,1,0,0.6316,1,0.5965,3.2281,0.8772,6.5791,0.3158,1081922,29983,41934,131517,294027,1758,3010,46931,5959,8.3,4.9,15.5,34.5,0.2,0.4,5.5,0.7
San Joaquin,54.49589041095887,2022,10.6,(8.3-13),06077,06077,1392.237029565068,779445,252327,237423,166596,26331,69616,98025,49738,101414,207464,93701,18469,67320,555868,21738,8253,20266,12376,17746,21.8,7.2,29.3,19.8,6.5,13,26.6,12.2,7.7,9.3,71.3,8.6,3.3,8.5,5.2,2.3,0.5263,0.5965,0.4912,0.807,0.4561,2.8771,0.5614,0.1228,0.8246,0.386,0.8421,0.7719,2.9474,0.7719,0.8772,0.8772,0.8772,0.5789,0.2105,0.807,0.4737,0.5263,2.5964,0.5614,9.2981,0.7368,767676,24085,52568,331382,130109,1931,4310,32828,2740,10.1,6.7,42.5,16.7,0.2,0.6,4.2,0.4
San Luis Obispo,56.63561643835616,2022,9,(5.1-12.9),06079,06079,3300.847970845918,281712,123968,108099,48761,6905,31425,15066,16279,59439,49037,36013,4070,8090,93376,7300,9314,3900,4084,14606,18.2,5,29.1,7.9,5.9,21.1,17.4,13,3.8,3,33.1,5.9,7.5,3.6,3.8,5.2,0.3684,0.1579,0.4561,0.193,0.2982,1.4736,0.2105,0.7018,0.1579,0.5614,0.1404,0.3333,1.8948,0.193,0.2807,0.2807,0.2807,0.4211,0.6667,0.2632,0.1053,0.8772,2.3335,0.3509,5.9826,0.2105,284312,9142,3349,65946,9571,669,401,12158,1282,8.5,1.2,23.4,3.4,0.2,0.1,4.3,0.5
San Mateo,39.46849315068493,2022,7.6,(6-9.3),06081,06081,448.605331919206,754250,284211,264323,77460,19184,50757,51598,28253,127520,150187,65466,9372,46949,475035,62701,3111,19366,14752,12030,10.3,4.5,19.2,9.4,3.8,16.9,19.9,8.7,3.5,6.6,63,22.1,1.1,7.3,5.6,1.6,0,0.0702,0.0351,0.2632,0.0526,0.4211,0.0175,0.5263,0.3158,0.0351,0.1228,0.5789,1.5789,0.0175,0.7018,0.7018,0.7018,0.9123,0.0175,0.7018,0.6316,0.2281,2.4913,0.4912,5.1931,0.0877,758154,14371,16015,180393,228200,976,8827,34746,5878,5.4,2.1,23.9,30.3,0.1,1.2,4.6,0.8
Santa Barbara,48.58356164383562,2022,9.8,(7.3-12.4),06083,06083,2733.933544396764,445213,158807,148032,95923,13414,43329,49700,42117,70948,98581,47547,7732,42843,255584,22575,7212,15215,9256,21595,22.6,6,29.3,17.9,9.6,15.9,22.1,10.9,5.2,10.2,57.4,14.2,4.5,10.3,6.3,4.9,0.5439,0.386,0.4912,0.7193,0.9123,3.0527,0.6667,0.4386,0.614,0.2105,0.4737,0.8246,2.5614,0.5789,0.5965,0.5965,0.5965,0.8246,0.4035,0.9298,0.7895,0.8421,3.7895,1,10.0001,0.8421,484380,12089,7763,207576,23531,1380,389,13316,1629,8.2,1.7,46.6,5.3,0.3,0.1,3,0.4
Santa Clara,51.29589041095889,2022,7.4,(6.2-8.6),06085,06085,1291.083668135746,1916831,688287,650352,206855,46592,118739,143756,75855,269943,405816,163504,26990,157502,1357720,159582,19451,50685,37467,39059,11,4.4,18.3,10.7,4,14.1,21.2,8.6,4.1,8.7,70.8,23.2,2.8,7.8,5.8,2,0.0351,0.0351,0.0175,0.3509,0.0702,0.5088,0.0351,0.2105,0.4912,0.0175,0.193,0.6842,1.5964,0.0351,0.8596,0.8596,0.8596,0.9649,0.1754,0.7719,0.7018,0.4035,3.0175,0.7544,5.9823,0.193,2078044,34056,43576,476352,742635,2973,6496,77773,7915,5.2,2.3,24.9,38.7,0.2,0.3,4.1,0.4
Santa Cruz,37.673972602739745,2022,8.5,(5.1-12),06087,06087,445.105369412976,268571,106433,96487,46138,8465,24296,20341,14496,47668,50320,31335,4270,16050,118885,8814,6744,6557,5040,13816,17.9,5.9,25.2,11.3,5.4,17.7,18.7,11.7,4.4,6.3,44.3,8.3,6.3,6.8,5.2,5.1,0.3158,0.3509,0.2632,0.4386,0.2281,1.5966,0.2807,0.5614,0.193,0.3333,0.2281,0.5263,1.8421,0.1579,0.4561,0.4561,0.4561,0.5614,0.5088,0.6491,0.4737,0.8596,3.0526,0.807,6.9474,0.3509,263765,7065,2193,91923,12536,182,452,10275,1324,7.3,0.8,34.2,4.7,0.1,0.2,3.8,0.5
Shasta,49.55616438356166,2022,5.7,(3.5-7.8),06089,06089,3775.65011419784,181852,79626,71107,38675,5349,21968,10445,11911,38339,39190,32564,4251,1646,41185,3950,9029,2245,4360,3512,21.6,6.6,30.9,8.1,6.6,21.1,21.6,18.1,6,1,22.6,5,11.3,3.1,6.1,1.9,0.5088,0.5263,0.6842,0.2105,0.4912,2.421,0.4912,0.7018,0.5614,0.8421,0.6316,0.0877,2.8246000000000002,0.7018,0.1053,0.1053,0.1053,0.4035,0.8246,0.2281,0.7193,0.3509,2.5264,0.5439,7.8773,0.5088,184749,7918,1740,19988,5507,2671,185,10597,497,11.1,1,11,3,1.5,0.1,5.8,0.3
Siskiyou,44.58839779005524,2022,9,(3.4-14.6),06093,06093,6278.76494396946,44049,23013,18768,11734,1337,5764,3035,3110,11610,8872,7918,845,563,11360,769,2865,669,1043,807,26.9,7.4,30.7,9.4,7.1,26.4,20.1,18,4.5,1.3,25.8,3.3,12.4,3.5,5.6,1.8,0.7719,0.6316,0.6491,0.2632,0.614,2.9298,0.5965,0.8421,0.3684,0.8246,0.2807,0.1579,2.4737,0.5263,0.193,0.193,0.193,0.1754,0.8596,0.2456,0.6316,0.3158,2.228,0.2982,7.8245,0.4737,42161,2888,682,5957,693,1234,183,2528,83,15.4,1.5,13.5,1.6,2.8,0.4,5.7,0.2
Solano,45.92602739726027,2022,10.9,(7.5-14.3),06095,06095,821.735915150648,450995,162513,154987,65342,13275,40402,34777,21383,74541,98997,54458,9513,20775,290961,16003,4363,8088,7158,10404,14.8,5.9,26.1,11.1,4.9,16.5,22,12.4,6.1,4.9,64.5,9.9,2.7,5.2,4.6,2.3,0.1754,0.3509,0.3333,0.4035,0.1754,1.4385,0.193,0.4912,0.5965,0.4561,0.6491,0.4561,2.649,0.6316,0.7193,0.7193,0.7193,0.6667,0.1579,0.4912,0.2807,0.5263,2.1228,0.2632,6.9296,0.3333,407618,10745,58379,126198,69009,1592,3746,28784,3253,6.9,12.9,28,15.3,0.4,0.8,6.4,0.7
Sonoma,37.498630136986286,2022,7.8,(5.3-10.3),06097,06097,1575.33157520595,488436,205393,189653,69139,13543,48681,38190,27169,100577,94082,57389,9470,25428,190995,21244,9182,9154,9015,9895,14.4,5.2,25.7,10.8,5.6,20.6,19.3,11.8,5,5.5,39.1,10.4,4.5,4.8,4.8,2,0.1404,0.1754,0.2982,0.3684,0.2456,1.228,0.1579,0.6842,0.2632,0.3509,0.4386,0.4737,2.2106,0.3333,0.386,0.386,0.386,0.6842,0.4035,0.4211,0.3684,0.4035,2.2807,0.3158,6.1053,0.2456,472625,11874,7012,136614,21167,1527,1372,21346,1957,6.3,1.4,28,4.3,0.3,0.3,4.4,0.4
Stanislaus,63.6986301369863,2022,11.5,(7.9-15),06099,06099,1496.149483994532,552063,183317,175747,129462,21061,55775,68981,33408,73575,148111,69885,12888,46571,339283,13119,8129,13314,9523,6215,23.7,8.2,31.7,19.7,6.1,13.3,26.8,12.7,7.4,9.1,61.5,7.1,4.4,7.6,5.4,1.1,0.6491,0.807,0.7368,0.7719,0.3333,3.2981,0.7368,0.193,0.8596,0.4912,0.807,0.7368,3.0876,0.8421,0.6491,0.6491,0.6491,0.4737,0.3509,0.7544,0.5439,0.0877,2.2106,0.2807,9.2454,0.7193,537103,17893,14902,268427,31968,2245,2975,16984,1782,10.2,2.7,48.6,5.8,0.4,0.5,3.1,0.3
Sutter,56.30494505494506,2022,7.4,(4.7-10.1),06101,06101,602.695764045408,99101,34560,33041,23179,3483,10278,13287,6027,15578,25242,13485,2462,8944,56429,2994,1533,2148,1770,999,23.6,7.6,31.1,20.4,6.2,15.7,25.5,13.8,7.4,9.6,56.9,8.7,4.4,6.5,5.4,1,0.614,0.7193,0.7018,0.8246,0.4035,3.2632,0.7193,0.4035,0.7544,0.6316,0.807,0.7895,3.386,0.9298,0.5789,0.5789,0.5789,0.5965,0.3509,0.5789,0.5439,0.0351,2.1053,0.2456,9.3334,0.7719,93806,4091,1764,31993,16255,696,352,4437,932,12.4,1.8,32.3,16.4,0.7,0.4,4.5,0.9
Tehama,48.47945205479453,2022,11.4,(7.5-15.3),06103,06103,2949.135623860476,65484,27440,24623,18128,2038,7474,5811,4300,13008,15576,12177,1760,2161,22768,794,4398,1104,1521,1008,28,7.4,30.4,12.9,6.6,19.9,23.8,18.7,7.2,3.5,34.8,2.9,16,4.5,6.2,1.5,0.8246,0.6316,0.614,0.5439,0.4912,3.1053,0.6842,0.6316,0.7018,0.8947,0.7719,0.3684,3.3684,0.9123,0.3158,0.3158,0.3158,0.1404,0.9298,0.386,0.7544,0.193,2.4036,0.4386,9.1931,0.7018,60772,4012,565,17585,1225,524,18,2628,223,16.3,0.9,26.9,1.9,0.8,0,4,0.3
Trinity,42.98583569405098,2022,9,(3.4-14.6),06105,06105,3179.26621591816,15889,8201,5483,5351,413,1329,596,2074,4396,2608,2467,299,436,3356,49,1288,270,242,297,34,7.4,24.2,4.7,13.2,27.7,16.4,15.7,5.4,2.8,21.1,0.6,15.7,4.9,4.4,1.9,0.9825,0.6316,0.2105,0,0.9825,2.8071,0.5439,0.8947,0.0526,0.7018,0.4912,0.3158,2.4561,0.4737,0.0702,0.0702,0.0702,0,0.9123,0.4386,0.2281,0.3509,1.9299,0.1754,7.2633,0.4211,13919,1133,217,1198,392,490,54,632,373,20.7,1.4,7.5,2.5,3.1,0.3,4,2.3
Tulare,82.92876712328766,2022,7.2,(4.5-9.8),06107,06107,4823.89694179721,473446,151190,140670,147245,18919,45968,74459,37244,54353,142992,55250,12764,55661,348084,7454,10062,13553,6643,6070,31.5,9,32.7,26.5,7.9,11.5,30.2,11.8,9,12.7,73.5,4.9,6.7,9.6,4.7,1.3,0.9474,0.8772,0.8947,0.9123,0.7544,4.386,0.9649,0.0526,1,0.3509,0.9474,0.9298,3.2807,0.8596,0.9298,0.9298,0.9298,0.386,0.5789,0.8947,0.3509,0.1404,2.3509,0.386,10.9474,0.9123,476629,20090,6183,312954,16306,2100,568,8265,1708,14.3,1.3,66.1,3.4,0.4,0.1,1.7,0.4
Tuolumne,39.27600000000001,2022,13.9,(9.8-18.1),06109,06109,2220.910147458276,54993,31447,22831,9272,1895,7439,3173,3146,14987,9333,11142,1051,318,11446,930,2522,483,1266,3329,17.9,8.3,32.6,7.5,6,27.3,17,21.3,4.6,0.6,20.8,3,8,2.1,5.5,6.1,0.3158,0.8246,0.8772,0.1754,0.3158,2.5088,0.5088,0.8772,0.0877,0.9825,0.3333,0,2.2807,0.3684,0.0526,0.0526,0.0526,0.1579,0.7018,0.0526,0.614,0.8947,2.421,0.4561,7.2631,0.4035,54547,3017,806,7079,799,556,151,1755,300,13.2,1.5,12.9,1.5,1,0.3,3.2,0.5
Ventura,55.47123287671235,2022,9.9,(7-12.8),06111,06111,1840.774104056102,842009,293491,275653,129820,22989,70486,84266,68574,137596,187695,94179,13091,70594,475757,32487,12061,17952,11668,14154,15.6,5.3,25.6,14.6,8.2,16.3,22.3,11.3,4.8,8.9,56.5,11,4.1,6.5,4.2,1.7,0.2105,0.2105,0.2807,0.614,0.7895,2.1052,0.386,0.4561,0.6491,0.2632,0.386,0.7193,2.4737,0.5263,0.5614,0.5614,0.5614,0.7368,0.2982,0.5789,0.193,0.2982,2.1051,0.2281,7.2454,0.386,812311,21988,13991,367039,59860,1408,1396,28779,3284,8,1.7,43.6,7.1,0.2,0.2,3.4,0.4
Yolo,44.06575342465753,2022,14.5,(6.7-22.3),06113,06113,1012.987992187166,217141,80533,76107,51765,5740,22844,15652,10036,28323,44537,22476,4219,12980,120938,12978,3089,4872,5915,8285,24.7,5.3,30,12.1,4.7,13,20.5,10.4,5.6,6.3,55.7,16.1,3.8,6.4,7.8,3.8,0.6842,0.2105,0.5614,0.5088,0.1228,2.0877,0.3684,0.1228,0.4211,0.1228,0.5263,0.5263,1.7193,0.0877,0.5263,0.5263,0.5263,0.8421,0.2632,0.5614,0.9298,0.7368,3.3333,0.9123,7.6666,0.4561,248822,6809,5395,69989,31399,781,888,11538,948,8.9,2.5,32.2,14.5,0.4,0.4,5.3,0.4
