COUNTY,AQI,YEARS,CURRENT PREVALENCE,95% CONFIDENCE INTERVAL,FIPS,AREA_SQMI,E_TOTPOP,E_HU,E_HH,E_POV,E_UNEMP,E_PCI,E_NOHSDP,E_AGE65,E_AGE17,E_DISABL,E_SNGPNT,E_MINRTY,E_LIMENG,E_MUNIT,E_MOBILE,E_CROWD,E_NOVEH,E_GROUPQ,EP_POV,EP_UNEMP,EP_PCI,EP_NOHSDP,EP_AGE65,EP_AGE17,EP_DISABL,EP_SNGPNT,EP_MINRTY,EP_LIMENG,EP_MUNIT,EP_MOBILE,EP_CROWD,EP_NOVEH,EP_GROUPQ,EPL_POV,EPL_UNEMP,EPL_PCI,EPL_NOHSDP,SPL_THEME1,RPL_THEME1,EPL_AGE65,EPL_AGE17,EPL_DISABL,EPL_SNGPNT,SPL_THEME2,RPL_THEME2,EPL_MINRTY,EPL_LIMENG,SPL_THEME3,RPL_THEME3,EPL_MUNIT,EPL_MOBILE,EPL_CROWD,EPL_NOVEH,EPL_GROUPQ,SPL_THEME4,RPL_THEME4,SPL_THEMES,RPL_THEMES,E_UNINSUR,EP_UNINSUR,E_DAYPOP,n,GIS_ACRES,Year
Alpine,32.791666666666664,2016,9.3,(4.1-14.6),06003,738.340010186566,1184,1771,343,221,55,26783,70,246,274,277,15,380,11,436,22,6,14,37,18.9,11.8,26783,8.9,20.8,23.1,23.4,4.4,32.1,1,24.6,1.2,1.7,4.1,3.1,0.6667,0.8246,0.5263,0.0877,2.1053,0.5614,0.807,0.6316,0.9825,0.0351,2.4561,0.7895,0.3333,0.0702,0.4035,0.2105,0.9649,0.0351,0.0702,0.1404,0.7193,1.9298,0.193,6.8947,0.4737,175,14.8,1123,1,649.876,2016
Amador,40.99180327868852,2016,9.3,(4.1-14.6),06005,594.571433560752,36963,18203,14248,3684,1677,27496,3351,9142,5745,6302,1020,7527,570,505,1154,262,539,3981,11.2,11.6,27496,11.7,24.7,15.5,19.1,7.2,20.4,1.6,2.8,6.3,1.8,3.8,10.8,0.193,0.7544,0.5088,0.3158,1.7719,0.4561,0.9298,0.0351,0.8246,0.2807,2.0702,0.5263,0.1404,0.1579,0.2982,0.1404,0.1754,0.5088,0.1053,0.0526,0.9474,1.7895,0.1404,5.9298,0.2105,2323,7,34510,8,773.1811,2016
Butte,60.44535519125685,2016,9.4,(3.8-15.1),06007,1636.463729578986,223877,97513,85505,46456,10933,25077,16950,38145,45472,38196,6728,59479,5233,7684,12336,2515,5978,5691,21.3,10.7,25077,11.7,17,20.3,17.2,7.9,26.6,2.5,7.9,12.7,2.9,7,2.5,0.807,0.6491,0.614,0.3158,2.386,0.6491,0.6316,0.2807,0.7193,0.3684,2,0.4211,0.2456,0.2807,0.5263,0.2632,0.5789,0.8772,0.2456,0.7018,0.614,3.0175,0.7368,7.9298,0.614,23714,10.7,224926,6,1640.2214999999999,2016
Calaveras,54.128415300546436,2016,9.3,(4.1-14.6),06009,1020.012307649068,44787,28104,17713,5641,1758,30577,3248,11245,8042,8986,1110,7930,277,381,1996,352,711,516,12.7,9.6,30577,9.6,25.1,18,20.2,6.3,17.7,0.6,1.4,7.1,2,4,1.2,0.3158,0.4912,0.3509,0.1228,1.2807,0.2807,0.9825,0.1579,0.8947,0.1579,2.193,0.5965,0.0702,0,0.0702,0,0.0351,0.614,0.1404,0.1053,0.1404,1.0351,0.0175,4.5789,0.0877,3667,8.3,34700,11,1343.9121999999998,2016
El Dorado,59.83333333333336,2016,12.1,(2.9-21.2),06017,1707.864074363226,183000,88882,67528,17839,8506,37089,9608,32711,38406,24007,4335,38931,3406,3835,4337,1415,3193,1772,9.8,9.6,37089,7.4,17.9,21,13.2,6.4,21.3,2,4.3,4.9,2.1,4.7,1,0.1053,0.4912,0.1404,0.0526,0.7895,0.1228,0.6842,0.3684,0.5439,0.1754,1.7719,0.3333,0.1579,0.2105,0.3684,0.1579,0.3684,0.3509,0.1754,0.2281,0.0351,1.1579,0.0526,4.0877,0.0526,13912,7.6,156309,4,5894.238600000001,2016
Fresno,84.2295081967213,2016,11.3,(6.2-16.4),06019,5958.78060837103,963160,323857,299456,254872,51478,21057,151875,107925,278246,118801,46129,666895,109480,24016,12601,28320,27398,17324,26.9,11.9,21057,26.2,11.2,28.9,12.5,15.4,69.2,12.4,7.4,3.9,9.5,9.1,1.8,0.9825,0.8596,0.8596,0.8421,3.5439,0.9474,0.0877,0.9474,0.4737,0.9649,2.4737,0.807,0.9123,0.8772,1.7895,0.9123,0.5614,0.2632,0.9123,0.9298,0.4035,3.0702,0.8421,10.8772,0.9649,134940,14.2,985513,18,16393.7653,2016
Glenn,47.68232044198897,2016,7.3,(2.7-12.0),06021,1313.945405782352,27976,10905,9801,5578,1172,20362,4903,4073,7572,4898,997,13131,2761,502,1189,544,695,322,20.3,9.9,20362,27.5,14.6,27.1,17.7,10.2,46.9,10.6,4.6,10.9,5.6,7.1,1.2,0.7544,0.5439,0.8772,0.8947,3.0702,0.807,0.5439,0.7895,0.7368,0.6316,2.7018,0.9649,0.5088,0.807,1.3158,0.6316,0.4035,0.807,0.5263,0.7368,0.1228,2.5965,0.5439,9.6842,0.8596,4015,14.5,24490,1,1.59758,2016
Humboldt,40.855191256830594,2016,12.5,(3.4-21.6),06023,3567.965714034344,135182,62386,53689,27641,6228,24038,8794,20753,26399,22657,5231,33278,2230,2376,5196,2014,4094,4187,21,9.5,24038,9.7,15.4,19.5,16.9,9.7,24.6,1.7,3.8,8.3,3.8,7.6,3.1,0.7895,0.4737,0.6667,0.1404,2.0702,0.5263,0.5965,0.193,0.6667,0.5965,2.0526,0.4912,0.2105,0.1754,0.386,0.193,0.2807,0.6667,0.3684,0.7895,0.7018,2.807,0.6667,7.3158,0.5263,19266,14.4,130357,5,682.6810700000002,2016
Inyo,56.83060109289619,2016,9.3,(4.1-14.6),06027,10180.93383218731,18326,9513,7973,1905,555,28678,1526,3953,3772,2432,751,6593,451,419,2249,132,661,632,10.8,6.3,28678,11.5,21.6,20.6,13.6,9.4,36,2.6,4.4,23.6,1.7,8.3,3.4,0.1579,0.0877,0.4386,0.2982,0.9825,0.2281,0.8246,0.3333,0.5965,0.5614,2.3158,0.6667,0.4211,0.2982,0.7193,0.386,0.386,1,0.0351,0.9123,0.7368,3.0702,0.8246,7.0877,0.4912,1844,10.3,17898,5,1920.9772,2016
Kern,86.58469945355193,2016,16.7,(9.3-24.0),06029,8131.92187546124,871337,291292,262337,194354,44848,21094,136966,86042,256757,92686,36457,557354,84424,14159,21141,23862,18446,31615,23.1,11.9,21094,26.4,9.9,29.5,11,13.9,64,10.6,4.9,7.3,9.1,7,3.6,0.9123,0.8596,0.8421,0.8596,3.4737,0.9298,0.0175,0.9649,0.2807,0.9298,2.193,0.614,0.7895,0.7895,1.5789,0.8596,0.4211,0.6316,0.8772,0.7018,0.7544,3.386,0.9298,10.6316,0.9298,112428,13.3,870222,32,80102.46433800003,2016
Lake,33.83287671232877,2016,17.3,(9.1-25.6),06033,1256.487215801172,64076,35633,26194,15561,3554,21799,7528,13122,13028,13627,2967,17775,2348,723,8338,776,2013,981,24.6,13.7,21799,16.3,20.5,20.3,21.5,11.3,27.7,3.9,2,23.4,3,7.7,1.5,0.9649,0.9474,0.7895,0.5965,3.2982,0.8947,0.7895,0.2982,0.9474,0.7719,2.807,0.9825,0.2632,0.3509,0.614,0.2807,0.1053,0.9825,0.2632,0.8421,0.3158,2.5088,0.4912,9.2281,0.7895,9286,14.6,52807,9,4280.170500000001,2016
Los Angeles,88.08469945355195,2016,7.8,(6.6-9.0),06037,4058.183381668448,10057155,3490118,3281845,1764081,460565,29301,1495617,1227202,2296785,984716,328552,7369368,1356170,925645,53701,386393,310206,175462,17.8,8.9,29301,22.3,12.2,22.8,9.9,10,73.3,14.4,26.5,1.5,11.8,9.5,1.7,0.5965,0.4386,0.4035,0.807,2.2456,0.614,0.2281,0.5439,0.1579,0.614,1.5439,0.193,0.9825,0.9298,1.9123000000000001,0.9649,0.9825,0.0877,0.9825,0.9474,0.3509,3.3509,0.9123,9.0526,0.7368,1585437,15.9,10100461,34,48786.20603060001,2016
Madera,69.39344262295084,2016,10.3,(3.3-17.4),06039,2137.11250838252,153366,49844,43574,32043,4872,19021,26930,19711,42662,18497,5316,98479,19819,1318,3168,4080,2872,8041,22.1,8.2,19021,28.3,12.9,27.8,12.7,12.2,64.2,14,2.6,6.4,9.4,6.6,5.2,0.8947,0.3684,0.9649,0.9123,3.1404,0.8246,0.3333,0.8772,0.5088,0.8246,2.5439,0.8421,0.807,0.9123,1.7193,0.8947,0.1404,0.5263,0.8947,0.614,0.8421,3.0175,0.7544,10.4211,0.9123,20801,14.3,145204,5,1289.8673,2016
Marin,38.30054644808744,2016,6.8,(4.5-9.1),06041,520.489162894294,259358,112259,104400,20445,7021,63608,13078,50476,53207,22971,6352,72997,10590,15448,1534,3786,5497,7510,8.1,5.1,63608,6.9,19.5,20.5,9,6.1,28.1,4.3,13.8,1.4,3.6,5.3,2.9,0.0175,0.0175,0,0.0351,0.0702,0,0.7719,0.3158,0.0702,0.1053,1.2632,0.1228,0.2807,0.386,0.6667,0.3333,0.8246,0.0702,0.3509,0.3684,0.6667,2.2807,0.3684,4.2807,0.0702,16231,6.4,244361,2,1.194435,2016
Mariposa,55.97814207650275,2016,9.3,(4.1-14.6),06043,1448.817045605226,17645,10334,7255,2849,780,27832,1426,4381,2918,3110,494,3264,193,148,1999,179,207,1021,16.3,9.8,27832,10.5,24.8,16.5,17.8,6.8,18.5,1.1,1.4,19.3,2.5,2.9,5.8,0.5088,0.5263,0.4912,0.2105,1.7368,0.4386,0.9474,0.0702,0.7544,0.2456,2.0175,0.4737,0.0877,0.0877,0.1754,0.1053,0.0526,0.9298,0.2105,0.0351,0.8947,2.1228,0.2281,6.0526,0.2456,1267,7.3,15514,27,1154.1480786000006,2016
Mendocino,40.3653846153846,2016,9.3,(3.8-14.8),06045,3506.355092410358,87409,40695,34594,17366,4526,25278,8299,16542,19043,14598,3194,29391,4384,1667,4468,1780,2630,2174,20.2,11,25278,13.5,18.9,21.8,16.9,9.2,33.6,5.3,4.1,11,5.1,7.6,2.5,0.7368,0.6842,0.5789,0.4561,2.4561,0.6667,0.7368,0.4737,0.6667,0.5439,2.4211,0.7368,0.3509,0.4386,0.7895,0.4035,0.3509,0.8246,0.4912,0.7895,0.5789,3.0351,0.7895,8.7018,0.6842,10931,12.6,83423,3,100.10539999999999,2016
Merced,63.73497267759564,2016,10.3,(3.8-16.7),06047,1935.210909997212,265001,84140,78270,62661,18143,19130,48345,27736,79805,40059,12166,186882,33243,3219,5217,6976,5964,6252,24.2,15.7,19130,31.4,10.5,30.1,15.3,15.5,70.5,13.7,3.8,6.2,8.9,7.6,2.4,0.9474,0.9825,0.9298,0.9474,3.807,0.9825,0.0702,0.9825,0.6491,0.9825,2.6842,0.9474,0.9649,0.8947,1.8596,0.9298,0.2982,0.4912,0.8421,0.7895,0.5439,2.9649,0.6842,11.3158,0.9825,34099,13,251727,3,1386.7921,2016
Mono,125.02459016393446,2016,9.3,(4.1-14.6),06051,3048.98552849002,14051,14000,4950,1222,665,31059,1486,1856,2783,972,235,4797,1013,2112,893,103,203,318,8.8,8,31059,16,13.2,19.8,7,4.7,34.1,7.5,15.1,6.4,2.1,4.1,2.3,0.0526,0.3509,0.3333,0.5614,1.2982,0.2982,0.3684,0.2105,0,0.0526,0.6316,0,0.386,0.5439,0.9298,0.4561,0.8596,0.5263,0.1579,0.1404,0.5088,2.193,0.2982,5.0526,0.1228,2783,19.9,12971,5,9054.8419,2016
Monterey,43.23497267759565,2016,8.8,(3.7-14.0),06053,3280.581058717452,430201,140169,125916,66289,13288,25947,78716,51553,113889,37848,14099,296575,75593,14659,6074,16138,6089,18398,16.1,6.9,25947,29.1,12,26.5,9.2,11.2,68.9,19,10.5,4.3,12.8,4.8,4.3,0.4737,0.1754,0.5439,0.9298,2.1228,0.5965,0.193,0.7544,0.0877,0.7193,1.7544,0.2632,0.8947,0.9825,1.8772,0.9474,0.7368,0.3158,1,0.2632,0.7895,3.1053,0.8596,8.8596,0.7193,66570,16.1,432697,12,185334.60290000003,2016
Napa,45.21584699453555,2016,NA,NA,06055,748.329752715716,140823,55301,49375,12086,4910,38057,15651,23949,30852,15370,3571,65176,11745,4610,3749,2766,2480,4351,8.8,6.6,38057,16.1,17,21.9,11.1,7.2,46.3,8.8,8.3,6.8,5.6,5,3.1,0.0526,0.1053,0.1053,0.5789,0.8421,0.1404,0.6316,0.4912,0.3509,0.2982,1.7719,0.2982,0.4912,0.6316,1.1228,0.5614,0.6316,0.5789,0.5439,0.3333,0.6842,2.7719,0.614,6.5088,0.3333,12709,9.1,152816,3,5788.2198,2016
Nevada,56.666666666666636,2016,6.2,(2.0-10.4),06057,957.76699958832,98639,53189,40587,11835,3968,33385,4956,23093,17548,14411,2359,14170,1305,2016,2948,769,1876,1211,12.1,8.8,33385,6.7,23.4,17.8,14.8,5.8,14.4,1.4,3.8,5.5,1.9,4.6,1.2,0.2632,0.4211,0.2281,0.0175,0.9298,0.1754,0.8772,0.1404,0.6316,0.0877,1.7368,0.2456,0.0175,0.1404,0.1579,0.0877,0.2632,0.4386,0.1228,0.193,0.1754,1.193,0.0702,4.0175,0.0351,10911,11.2,85693,3,72.4144,2016
Orange,62.10109289617486,2016,6.7,(3.9-9.5),06059,790.621952662396,3132211,1072121,1017012,385556,111106,35939,325372,412701,721172,265805,78296,1817539,319276,200562,29306,90235,47496,43114,12.5,6.8,35939,15.5,13.2,23,8.5,7.7,58,10.8,18.7,2.7,8.9,4.7,1.4,0.2807,0.1404,0.1579,0.5439,1.1228,0.2456,0.3684,0.5965,0.0526,0.3333,1.3509,0.1579,0.6667,0.8246,1.4912,0.7368,0.8772,0.1404,0.8246,0.2281,0.2456,2.3158,0.386,6.2807,0.2807,384240,12.3,3343367,9,478.46580000000006,2016
Placer,53.91803278688523,2016,8.4,(3.9-13.0),06061,1407.084278884998,370571,157888,136730,31932,12582,37914,14879,66179,85141,40461,9489,95351,7183,10419,4398,2958,5392,4024,8.7,7,37914,5.8,17.9,23,11,6.9,25.7,2,6.6,2.8,2.2,3.9,1.1,0.0351,0.193,0.1228,0,0.3509,0.0351,0.6842,0.5614,0.2807,0.2632,1.7895,0.3509,0.2281,0.2281,0.4561,0.2281,0.5263,0.1579,0.193,0.0877,0.1053,1.0702,0.0351,3.6667,0.0175,28326,7.7,371024,9,5967.162030000001,2016
Plumas,46.59718309859153,2016,7.2,(1.2-13.3),06063,2553.061248199286,18754,15693,8376,2346,977,31292,1173,4673,3108,3815,480,3057,170,296,1467,133,546,410,12.8,11.8,31292,8.1,24.9,16.6,20.5,5.7,16.3,1,1.9,9.3,1.6,6.5,2.2,0.3509,0.8246,0.2982,0.0702,1.5439,0.3509,0.9649,0.0877,0.9298,0.0702,2.0526,0.5088,0.0351,0.0526,0.0877,0.0351,0.0877,0.7193,0.0175,0.5439,0.4912,1.8596,0.1754,5.5439,0.1754,1908,10.3,18675,2,260.5727,2016
Riverside,95.02185792349728,2016,10.2,(6.3-14.1),06065,7206.287554202398,2323892,820300,705716,376689,120960,24443,286746,306492,613547,260228,72157,1458261,178936,64673,74205,51310,33534,33394,16.5,11.3,24443,19.5,13.2,26.4,11.3,10.2,62.8,8.3,7.9,9,7.3,4.8,1.4,0.5263,0.7368,0.6316,0.7018,2.5965,0.7018,0.3684,0.7368,0.3684,0.6491,2.1228,0.5439,0.7368,0.5965,1.3333,0.6491,0.5965,0.7018,0.7018,0.2632,0.2807,2.5439,0.5263,8.5965,0.6667,338467,14.7,2108577,7,1776.75989,2016
Sacramento,63.37704918032785,2016,9.6,(6.3-12.8),06067,964.939792890934,1479300,562003,527335,260877,74025,28292,129386,189264,360897,185928,57302,793348,95398,74275,13309,25214,39407,24897,17.9,10.2,28292,13.2,12.8,24.4,12.7,10.9,53.6,6.9,13.2,2.4,4.8,7.5,1.7,0.6316,0.5965,0.4561,0.4386,2.1228,0.5789,0.3158,0.7018,0.5088,0.6842,2.2105,0.6316,0.5965,0.4912,1.0877,0.5088,0.807,0.1228,0.4386,0.7719,0.3333,2.4737,0.4386,7.8947,0.5965,151656,10.4,1565359,5,536.33137,2016
San Benito,42.63661202185794,2016,5.3,(1.0-9.6),06069,1388.714411751784,58051,18139,17390,6224,3211,27848,7957,6519,15708,5444,1975,37067,5252,647,897,1427,460,295,10.8,10.8,27848,21.7,11.2,27.1,9.4,11.4,63.9,9.7,3.6,4.9,8.2,2.6,0.5,0.1579,0.6667,0.4737,0.7719,2.0702,0.5088,0.0877,0.7719,0.1053,0.7895,1.7544,0.2807,0.7719,0.6842,1.4561,0.7018,0.2281,0.3509,0.7895,0,0,1.3684,0.0877,6.6491,0.386,6594,11.4,47106,5,446.5764,2016
San Bernardino,99.40163934426236,2016,10.6,(7.5-13.8),06071,20057.273250248647,2106754,708442,618922,392195,104472,21857,274381,218205,576482,224187,78570,1463968,164265,62787,40844,54440,34920,54034,19.1,11,21857,21.2,10.4,27.4,10.9,12.7,69.5,8.4,8.9,5.8,8.8,5.6,2.6,0.6842,0.6842,0.7719,0.7544,2.8947000000000003,0.7544,0.0351,0.807,0.2632,0.8947,2,0.4561,0.9298,0.614,1.5439,0.7895,0.6842,0.4561,0.807,0.4035,0.6316,2.9825,0.7018,9.4211,0.807,290269,14.1,1996750,8,45387.2187,2016
San Diego,73.89890710382511,2016,7.1,(5.5-8.7),06073,4206.639132326722,3253356,1187644,1103128,444024,126990,32482,293959,413435,727664,310902,94202,1733652,228467,246059,43153,70966,64192,88924,14,7.8,32482,13.6,12.7,22.4,9.9,8.5,53.3,7.5,20.7,3.6,6.4,5.8,2.7,0.386,0.3158,0.2456,0.4737,1.4211,0.3333,0.2982,0.5088,0.1579,0.5088,1.4737,0.1754,0.5614,0.5263,1.0877,0.5263,0.9123,0.2281,0.5789,0.4386,0.6491,2.807,0.6491,6.7895,0.4211,385939,12.2,3362701,11,9166.039240000002,2016
San Luis Obispo,57.80327868852457,2016,5.9,(1.5-10.4),06079,3300.647131396374,278680,119399,104404,37208,7479,32335,18206,48924,50812,30013,6728,84479,10287,7129,10607,3732,5016,16409,14.2,5.5,32335,9.9,17.6,18.2,11,6.4,30.3,3.9,6,8.9,3.6,4.8,5.9,0.4035,0.0351,0.2632,0.1579,0.8596,0.1579,0.6667,0.1754,0.2807,0.193,1.3158,0.1404,0.3158,0.3333,0.6491,0.3158,0.4912,0.6842,0.3333,0.2632,0.9123,2.6842,0.5965,5.5088,0.1579,27491,10.1,277908,13,48684.46410000001,2016
Santa Barbara,52.60928961748635,2016,6.2,(1.1-11.3),06083,2735.146798888996,439395,154574,143051,66880,16101,31098,53932,61517,98870,42011,12917,237559,45946,19769,7859,14580,9301,19742,15.9,7.2,31098,19.9,14,22.5,9.7,9,54.1,11.2,12.8,5.1,10.2,6.5,4.5,0.4561,0.2456,0.3158,0.7193,1.7368,0.4035,0.4737,0.5263,0.1404,0.5263,1.6667,0.2281,0.614,0.8421,1.4561,0.7018,0.7895,0.4035,0.9474,0.5439,0.8246,3.5088,0.9825,8.3684,0.6316,58970,13.6,464262,6,53022.8604,2016
Santa Clara,48.644808743169406,2016,6,(3.9-8.0),06085,1291.206177528142,1885056,651905,626579,172213,65981,46034,166105,230274,435218,146448,42231,1259838,171519,137677,18983,49176,32123,34677,9.3,6.6,46034,12.9,12.2,23.1,7.8,6.7,66.8,9.7,21.1,2.9,7.8,5.1,1.8,0.0877,0.1053,0.0526,0.4211,0.6667,0.0526,0.2281,0.614,0.0175,0.2281,1.0877,0.0351,0.8596,0.7193,1.5789,0.8246,0.9298,0.1754,0.7544,0.3509,0.4386,2.6491,0.5789,5.9825,0.2281,144253,7.7,2057491,3,4682.83,2016
Santa Cruz,37.202185792349724,2016,11.3,(6.0-16.6),06087,445.16299204766,270931,105255,95062,39211,10361,34732,23995,36624,54522,26982,6912,113279,20762,9382,6055,6386,5618,12166,15.1,7.3,34732,13.7,13.5,20.1,10,7.3,41.8,8.1,8.9,5.8,6.7,5.9,4.5,0.4386,0.2632,0.193,0.5088,1.4035,0.3158,0.4211,0.2456,0.193,0.3158,1.1754,0.0877,0.4561,0.5789,1.0351,0.4737,0.7193,0.4561,0.5965,0.4561,0.807,3.0351,0.7719,6.6491,0.3684,27600,10.2,260633,1,4474.12,2016
Shasta,46.95355191256832,2016,7.3,(3.1-11.6),06089,3775.374643548308,179228,77942,69713,30945,6728,25094,12539,34570,38822,32486,5720,34134,1963,3831,8983,1877,4587,3138,17.5,8.7,25094,10,19.3,21.7,18.3,8.2,19,1.2,4.9,11.5,2.7,6.6,1.8,0.5614,0.386,0.5965,0.1754,1.7193,0.386,0.7544,0.4386,0.7719,0.4737,2.4386,0.7544,0.1228,0.1053,0.2281,0.1228,0.4386,0.8421,0.2281,0.614,0.3684,2.4912,0.4737,6.8772,0.4561,20547,11.6,178396,4,458.0529,2016
Siskiyou,28.61325966850829,2016,7.2,(1.2-13.3),06093,6278.781012376394,43668,24034,19045,9524,2161,23542,3627,9941,8841,8822,1503,9772,755,815,3129,569,1484,582,22,11.7,23542,11.4,22.8,20.2,20.3,7.9,22.4,1.8,3.4,13,3,7.8,1.3,0.8772,0.7895,0.6842,0.2632,2.614,0.7193,0.8421,0.2632,0.9123,0.386,2.4035,0.7018,0.193,0.193,0.386,0.1754,0.193,0.8947,0.2807,0.8596,0.2281,2.4561,0.4211,7.8596,0.5789,4291,9.9,41639,15,36781.448133900005,2016
Solano,47.590163934426215,2016,13.3,(5.9-20.6),06095,821.771831903096,429596,155091,145315,53265,21347,30251,36163,58275,98840,50337,16273,260195,20279,13583,4552,6617,8323,10758,12.7,10,30251,12.5,13.6,23,12.1,11.2,60.6,5,8.8,2.9,4.6,5.7,2.5,0.3158,0.5789,0.3684,0.3509,1.614,0.3684,0.4386,0.5789,0.4211,0.7368,2.1754,0.5789,0.7193,0.4035,1.1228,0.5789,0.6667,0.1754,0.4035,0.4211,0.5965,2.2632,0.3333,7.1754,0.5088,38213,9.2,380803,1,58.7602,2016
Sonoma,35.96994535519125,2016,8.1,(4.5-11.6),06097,1575.851210196548,497776,207058,189043,55095,18297,35639,44790,83344,102675,58655,15118,177210,27323,18354,10175,9606,9138,8833,11.2,7,35639,12.8,16.7,20.6,11.9,8,35.6,5.8,8.9,4.9,5.1,4.8,1.8,0.193,0.193,0.1754,0.4035,0.9649,0.2105,0.614,0.3509,0.4035,0.4035,1.7719,0.3158,0.4035,0.4561,0.8596,0.4211,0.7018,0.3509,0.4737,0.2632,0.386,2.1754,0.2632,5.7719000000000005,0.193,49892,10.1,470284,2,1561.2415,2016
Stanislaus,67.04918032786887,2016,13.4,(7.5-19.2),06099,1496.007315832704,530561,180386,170328,95739,33913,22915,74176,64443,145560,70508,20816,296472,47779,12541,7470,11722,11811,5531,18.2,13.8,22915,22.4,12.1,27.4,13.4,12.2,55.9,9.7,7,4.1,6.9,6.9,1,0.6491,0.9649,0.7193,0.8246,3.1579,0.8421,0.2105,0.8246,0.5614,0.8421,2.4386,0.7719,0.6491,0.7018,1.3509,0.6842,0.5439,0.2807,0.6316,0.6491,0.0877,2.193,0.2807,9.1404,0.7719,60716,11.5,515535,4,241.65349999999998,2016
Sutter,62.773224043715864,2016,8.1,(2.9-13.2),06101,602.417961725898,95406,34102,32028,16535,4836,24335,12742,13795,25180,12692,3612,49656,9121,2868,1789,2159,2090,979,17.5,11.2,24335,20.8,14.5,26.4,13.5,11.3,52,10.3,8.4,5.2,6.7,6.5,1,0.5614,0.7193,0.6491,0.7368,2.6667,0.7368,0.5263,0.7193,0.5789,0.7544,2.5789,0.8596,0.5439,0.7719,1.3158,0.614,0.6491,0.4211,0.614,0.5439,0.0526,2.2807,0.3509,8.8421,0.7018,12398,13.2,86896,1,315.76,2016
Tehama,55.98907103825138,2016,7.3,(2.7-12.0),06103,2949.711327425208,63015,27225,23573,13363,3340,21521,7319,11276,15159,12442,2515,19014,2385,727,5437,1247,1499,886,21.5,12.6,21521,17.1,17.9,24.1,19.9,10.7,30.2,4,2.7,20,5.3,6.4,1.4,0.8246,0.9123,0.807,0.6316,3.1754,0.8596,0.6842,0.6667,0.8421,0.6667,2.8596,1,0.2982,0.3684,0.6667,0.3333,0.1579,0.9474,0.5088,0.5088,0.2632,2.386,0.4035,9.0877,0.7544,6761,10.8,56917,14,1115.1454600000002,2016
Trinity,50.71257485029939,2016,7.2,(1.2-13.3),06105,3179.266262636502,13180,8788,5468,2607,526,22387,951,3181,2277,3058,530,2244,105,82,1911,193,249,306,20.1,9.9,22387,9.3,24.1,17.3,23.5,9.7,17,0.8,0.9,21.7,3.5,4.6,2.3,0.7193,0.5439,0.7368,0.1053,2.1053,0.5439,0.9123,0.1228,1,0.5789,2.614,0.8947,0.0526,0.0175,0.0702,0,0.0175,0.9649,0.3158,0.193,0.5263,2.0175,0.2105,6.807,0.4386,2135,16.4,10761,2,29.642680000000002,2016
Tulare,87.07650273224044,2016,8.6,(4.3-12.9),06107,4824.350780373784,455769,145661,134153,127130,20254,18257,83735,47492,143945,54945,19616,318612,61876,5234,9978,13265,8627,5612,28.3,10.6,18257,31.8,10.4,31.6,12.2,14.6,69.9,14.9,3.6,6.9,9.9,6.4,1.2,1,0.6316,0.9825,0.9649,3.5789,0.9649,0.0351,1,0.4386,0.9474,2.4211,0.7193,0.9474,0.9649,1.9123000000000001,0.9649,0.2456,0.5965,0.9298,0.5088,0.193,2.4737,0.4561,10.386,0.8947,67127,14.9,445516,10,42330.78396,2016
Tuolumne,56.717514124293814,2016,9.3,(4.1-14.6),06109,2220.929779972772,53864,31358,22083,7176,2570,29431,4154,12628,8983,10165,1367,10121,483,726,2988,677,1296,3395,14.2,11.6,29431,10.2,23.4,16.7,20,6.2,18.8,0.9,2.3,9.5,3.1,5.9,6.3,0.4035,0.7544,0.386,0.193,1.7368,0.4211,0.8772,0.1053,0.8772,0.1404,2,0.4386,0.1053,0.0351,0.1404,0.0702,0.1228,0.7368,0.2982,0.4561,0.9298,2.5439,0.5088,6.4211,0.3158,4409,8.7,50970,10,1228.2553687999998,2016
Ventura,58.625683060109296,2016,6.7,(3.3-10.0),06111,1843.015614583878,843110,284759,269338,88486,32651,34331,92033,114620,204168,87687,22890,449809,79050,30171,10908,18811,11988,12185,10.6,7.5,34331,16.6,13.6,24.2,10.5,8.5,53.4,10,10.6,3.8,7,4.5,1.4,0.1404,0.2807,0.2105,0.614,1.2456,0.2632,0.4386,0.6842,0.2281,0.4912,1.8421,0.386,0.5789,0.7544,1.3333,0.6491,0.7544,0.2456,0.6667,0.1754,0.2982,2.1404,0.2456,6.5614,0.3509,103017,12.3,800464,15,2511.425887,2016
Yolo,45.59016393442622,2016,6.6,(1.3-11.9),06113,1014.775152167116,209671,76478,72544,38898,8105,28996,17555,23781,45453,20924,5883,108847,13675,10843,3214,3672,5711,8266,19.3,7.9,28996,14.4,11.3,21.7,10.1,8.1,51.9,6.9,14.2,4.2,5.1,7.9,3.9,0.7018,0.3333,0.4211,0.5263,1.9825,0.4912,0.1228,0.4561,0.2105,0.4386,1.2281,0.1053,0.5263,0.5088,1.0351,0.4912,0.8421,0.2982,0.4561,0.8772,0.7719,3.2456,0.8947,7.4912,0.5439,19648,9.4,214590,3,5978.9709,2016
Alameda,62.64383561643838,2018,8.8,(5.3-12.2),06001,737.299612,1643700,601942,572870,170884,45110,44283,139234,215917,344513,153134,40874,1120309,130524,129403,7220,44166,54816,32288,10.6,5.1,44283,12,13.1,21,9.4,7.1,68.2,8.4,21.5,1.2,7.7,9.6,2,0.2632,0.1579,0.0877,0.4035,0.9123,0.1754,0.2632,0.4035,0.1228,0.3333,1.1228,0.0702,0.8772,0.6316,1.5088,0.7544,0.9298,0.0351,0.7368,0.9649,0.4561,3.1227,0.8421,6.6666,0.3684,83911,5.1,1480381,2,702.3484,2018
Amador,43.41758241758242,2018,13.6,(4.5-22.7),06005,594.5714339,37829,18278,14090,3323,1255,30100,2864,9952,5822,6308,816,8066,399,543,1316,398,773,3682,9.7,8.6,30100,9.7,26.3,15.4,18.5,5.8,21.3,1.1,3,7.2,2.8,5.5,9.7,0.1754,0.7018,0.4912,0.2105,1.5789,0.386,0.9123,0.0351,0.8596,0.1754,1.9824,0.5088,0.1404,0.1053,0.2457,0.1228,0.193,0.5789,0.2105,0.4211,0.9474,2.3509,0.4211,6.1579,0.2807,1449,4.2,36284,1,824.978,2018
Butte,73.16164383561649,2018,11,(4.1-17.9),06007,1636.4694605,227075,98743,86797,44410,9085,27537,15823,40219,45658,38146,6845,62685,5363,7374,12863,2757,6232,6064,20.1,8.7,27537,10.7,17.7,20.1,17,7.9,27.6,2.5,7.5,13,3.2,7.2,2.7,0.807,0.7544,0.5965,0.2807,2.4386,0.6491,0.614,0.2632,0.7719,0.4737,2.1228,0.5789,0.2456,0.2807,0.5263,0.2632,0.5789,0.8772,0.2456,0.8246,0.614,3.1403,0.8596,8.228,0.614,16561,7.4,215129,6,155142.31979999997,2018
Calaveras,63.28846153846156,2018,13.6,(4.5-22.7),06009,1020.0155378,45235,27988,17417,5242,1116,32494,3332,12214,7768,9603,1131,8330,314,328,2069,349,431,499,11.7,6.1,32494,9.6,27,17.2,21.4,6.5,18.4,0.7,1.2,7.4,2,2.5,1.1,0.3333,0.2807,0.386,0.1579,1.1579,0.2632,0.9825,0.1404,0.9825,0.2632,2.3686,0.7368,0.0702,0.0351,0.1053,0.0351,0.0175,0.6316,0.0877,0.0175,0.0877,0.842,0,4.4738,0.1053,2333,5.2,33492,7,12295.98925,2018
Colusa,56.052054794520544,2018,11.8,(4.9-18.6),06011,1150.7124795,21464,8004,7113,2929,520,27336,4174,2966,5883,2629,942,13792,3184,219,577,494,386,207,13.8,5.1,27336,30.6,13.8,27.4,12.3,13.2,64.3,16,2.7,7.2,6.9,5.4,1,0.4211,0.1579,0.6316,0.9649,2.1755,0.5439,0.3509,0.8596,0.4386,0.9123,2.5614,0.8246,0.7544,0.9649,1.7193,0.8947,0.1404,0.5789,0.6491,0.3684,0.0351,1.7719,0.1228,8.2281,0.6316,2203,10.3,21382,2,425398.9,2018
Contra Costa,59.81643835616441,2018,11.8,(7.9-15.7),06013,717.0813939,1133247,411338,392277,102543,35563,45524,82574,169782,261300,126742,31873,630296,69152,51040,6959,18938,21438,10038,9.1,6.1,45524,10.6,15,23.1,11.2,8.1,55.6,6.5,12.4,1.7,4.8,5.5,0.9,0.1228,0.2807,0.0702,0.2632,0.7369,0.1053,0.4912,0.6491,0.2982,0.4912,1.9297,0.4211,0.6316,0.5088,1.1404,0.5614,0.7719,0.0877,0.4211,0.4211,0.0175,1.7193,0.1053,5.5263,0.1754,64189,5.7,890420,1,247.05,2018
Del Norte,33.95555555555556,2018,13.2,(5.0-21.5),06015,1006.2273655,27424,11373,9799,5458,796,22832,3684,4585,5954,5121,859,10252,434,364,2207,459,942,3110,22.5,8.3,22832,19,16.7,21.7,21,8.8,37.4,1.7,3.2,19.4,4.7,9.6,11.3,0.9298,0.6316,0.8596,0.7018,3.1228,0.8421,0.5789,0.5088,0.9649,0.5439,2.5965,0.8596,0.4211,0.193,0.6141,0.2982,0.2105,0.9298,0.4035,0.9649,0.9825,3.4912,0.9825,9.8246,0.8772,1533,6.3,24903,2,38122.737890000004,2018
El Dorado,58.08493150684932,2018,6.7,(1.6-11.8),06017,1707.8412963,186661,89763,69172,16537,5480,40382,9299,36751,38016,24687,3829,40671,3079,4353,4913,1532,2850,1780,8.9,6.2,40382,6.9,19.7,20.4,13.3,5.5,21.8,1.7,4.8,5.5,2.2,4.1,1,0.1053,0.3509,0.1404,0.0877,0.6843,0.0877,0.7193,0.3509,0.5789,0.1053,1.7544,0.2982,0.1579,0.193,0.3509,0.1579,0.4211,0.4211,0.1404,0.1053,0.0351,1.123,0.0351,3.9126,0.0351,9656,5.2,146428,5,594.4578,2018
Fresno,82.30410958904109,2018,13.3,(7.9-18.7),06019,5958.0959769,978130,328577,304624,232067,41276,23284,147389,114438,279979,126139,43943,686675,108140,23756,12508,28262,25805,16750,24.1,9.4,23284,24.7,11.7,28.6,13,14.4,70.2,12,7.2,3.8,9.3,8.5,1.7,0.9649,0.8596,0.807,0.8421,3.4736,0.9298,0.0877,0.9298,0.5088,0.9649,2.4912,0.7719,0.9123,0.8772,1.7895,0.9123,0.5439,0.2456,0.8772,0.9298,0.3509,2.9474,0.7368,10.7017,0.9298,92035,9.5,882148,16,2258.12242,2018
Glenn,46.17906336088153,2018,11.8,(4.9-18.6),06021,1313.9669943,27897,10973,10017,5152,806,21736,4426,4300,7470,4622,923,13390,2579,438,1144,386,484,311,18.8,6.8,21736,24.7,15.4,26.8,16.8,9.2,48,10,4,10.4,3.9,4.8,1.1,0.7193,0.4737,0.9123,0.8421,2.9474,0.7719,0.5439,0.7895,0.7193,0.5789,2.6316,0.9298,0.5088,0.7544,1.2632,0.5965,0.3333,0.7895,0.3684,0.2456,0.0877,1.8245,0.1404,8.6667,0.6842,2644,9.6,23520,4,412651.0924,2018
Humboldt,39.271232876712325,2018,11.6,(4.1-19.1),06023,3568.1722238,135768,62826,54267,26957,5327,26747,8878,22647,26259,21941,5088,34463,2500,2666,5565,2085,4133,4140,20.3,8,26747,9.7,16.7,19.3,16.3,9.4,25.4,1.9,4.2,8.9,3.8,7.6,3,0.8246,0.5965,0.6667,0.2105,2.2983,0.614,0.5789,0.2105,0.7018,0.6316,2.1228,0.5789,0.2105,0.2632,0.4737,0.2105,0.3684,0.7018,0.3509,0.9123,0.7018,3.0352,0.7895,7.93,0.5965,13055,9.7,126832,6,4038.0772400000005,2018
Inyo,62.42465753424658,2018,13.6,(4.5-22.7),06027,10180.9338418,18085,9540,8083,1792,447,31540,1478,4148,3635,2489,527,6696,460,369,2084,156,552,647,10.2,5.2,31540,11.2,22.9,20.1,14.1,6.5,37,2.7,3.9,21.8,1.9,6.8,3.6,0.193,0.2281,0.4386,0.3333,1.193,0.2807,0.807,0.2632,0.6316,0.2632,1.965,0.4737,0.4035,0.2982,0.7017,0.386,0.3158,0.9649,0.0702,0.7018,0.7544,2.8071,0.6842,6.6668,0.386,1125,6.4,16860,3,6271.969999999999,2018
Kern,90.6958904109589,2018,9.9,(5.4-14.5),06029,8132.2564363,883053,295756,267913,187232,39056,22553,139584,92005,257750,95441,35604,576023,84735,15490,21557,24792,18281,31126,22,10.3,22553,26.2,10.4,29.2,11.2,13.3,65.2,10.4,5.2,7.3,9.3,6.8,3.5,0.9123,0.9298,0.8772,0.8772,3.5965,0.9474,0.0175,0.9649,0.2982,0.9298,2.2104,0.6316,0.7895,0.807,1.5965,0.8596,0.4386,0.614,0.8772,0.7018,0.7368,3.3684,0.9298,10.7718,0.9649,77216,9,771878,23,4867.580055,2018
Kings,75.65479452054794,2018,10.3,(4.1-16.5),06031,1390.3084462,150075,45792,42735,28084,4855,21186,24270,14567,40935,16568,6397,101017,13829,2919,1938,3483,2730,14912,20.8,8.4,21186,26.3,9.7,27.3,12.4,15,67.3,10,6.4,4.2,8.2,6.4,9.9,0.8421,0.6667,0.9649,0.8947,3.3684,0.9123,0,0.8421,0.4561,1,2.2982,0.6667,0.8246,0.7544,1.579,0.8421,0.5088,0.2982,0.7895,0.6491,0.9649,3.2105,0.8947,10.4561,0.8947,10946,8.2,132084,2,73.3264,2018
Lake,34.72268907563026,2018,9.6,(3.8-15.3),06033,1256.5165708,64148,35067,25966,13224,2556,25404,6872,13941,13290,12766,2427,18525,2087,974,8028,842,1781,997,21,9.8,25404,14.8,21.7,20.7,20.1,9.3,28.9,3.5,2.8,22.9,3.2,6.9,1.6,0.8772,0.9123,0.7368,0.5614,3.0877,0.8246,0.7895,0.3684,0.9123,0.614,2.6842,0.9825,0.2807,0.3509,0.6316,0.3333,0.1579,0.9825,0.2456,0.7544,0.3158,2.4562,0.4737,8.8597,0.7193,6005,9.5,51918,9,474659.97505999997,2018
Los Angeles,87.57260273972601,2018,7.9,(6.5-9.4),06037,4058.1913941,10098052,3524321,3306109,1589956,357178,32469,1460718,1299277,2246521,993035,309423,7439000,1297024,943920,56280,378286,298364,177480,16,6.8,32469,21.3,12.9,22.2,9.9,9.4,73.7,13.7,26.8,1.6,11.4,9,1.8,0.5789,0.4737,0.4035,0.7895,2.2456,0.5789,0.2456,0.5439,0.1754,0.6316,1.5965,0.2281,0.9825,0.9123,1.8948,0.9649,0.9825,0.0702,0.9825,0.9474,0.386,3.3686,0.9474,9.1055,0.7719,1086657,10.8,8152241,27,95053.04197179999,2018
Madera,64.65753424657535,2018,11.8,(3.6-20.0),06039,2136.9268752,155013,50362,44759,30549,5243,21394,27278,20797,42814,19408,5040,101482,18907,1458,3116,4010,2675,8179,20.8,8.3,21394,28.1,13.4,27.6,13.2,11.3,65.5,13.2,2.9,6.2,9,6,5.3,0.8421,0.6316,0.9474,0.9123,3.3334,0.8947,0.3158,0.8947,0.5263,0.807,2.5438,0.807,0.807,0.8947,1.7017,0.8772,0.1754,0.4912,0.8421,0.5614,0.8421,2.9122,0.7018,10.4911,0.9123,13784,9.4,134591,4,14299.7961,2018
Marin,48.479452054794535,2018,6.4,(2.2-10.5),06041,520.4565338,260295,112868,105258,19341,5149,69275,12883,54625,52908,22811,6528,74486,9959,15406,1367,4284,5130,7573,7.6,3.8,69275,6.8,21,20.3,8.9,6.2,28.6,4,13.6,1.2,4.1,4.9,2.9,0.0175,0.0175,0,0.0702,0.1052,0,0.7719,0.3333,0.0702,0.2105,1.3859,0.1228,0.2632,0.386,0.6492,0.3509,0.8246,0.0351,0.386,0.2632,0.6667,2.1756,0.3333,4.3159,0.0877,10252,4,229726,1,1.35455,2018
Mariposa,68.7342465753424,2018,13.6,(4.5-22.7),06043,1448.8370017,17540,10388,7700,2435,676,29776,1316,4690,2865,3200,418,3415,199,208,1970,168,248,1109,14,8.7,29776,9.6,26.7,16.3,18.4,5.4,19.5,1.2,2,19,2.2,3.2,6.3,0.4561,0.7544,0.5088,0.1579,1.8772,0.4561,0.9474,0.0702,0.8246,0.0877,1.9299,0.4386,0.0877,0.1404,0.2281,0.1053,0.0702,0.9123,0.1404,0.0526,0.9123,2.0878,0.2281,6.123,0.2456,844,4.9,15144,6,101953.16059999999,2018
Mendocino,51.24725274725272,2018,5.3,(1.2-9.4),06045,3506.3569959,87422,40909,34090,15877,3837,27395,8101,17845,18891,14566,3288,30108,4402,1646,4027,1725,2138,2230,18.5,9.2,27395,13.1,20.4,21.6,16.8,9.6,34.4,5.4,4,9.8,5.1,6.3,2.6,0.7018,0.8246,0.614,0.4912,2.6316,0.7018,0.7544,0.4737,0.7193,0.6842,2.6316,0.9298,0.3509,0.4386,0.7895,0.4211,0.3333,0.7544,0.4561,0.6316,0.5965,2.7719,0.6491,8.8246,0.7018,8065,9.3,79951,3,460061.684,2018
Merced,65.17260273972602,2018,9.8,(2.6-17.1),06047,1935.6455211,269075,84795,79606,59660,14912,21634,48433,29320,80062,36206,11537,193067,34066,3236,5216,7611,5801,5926,22.7,12.7,21634,30.6,10.9,29.8,13.6,14.5,71.8,13.7,3.8,6.2,9.6,7.3,2.2,0.9474,0.9649,0.9298,0.9649,3.807,0.9825,0.0351,0.9825,0.5965,0.9825,2.5966,0.8947,0.9649,0.9123,1.8772,0.9298,0.2807,0.4912,0.9123,0.8421,0.4912,3.0175,0.7544,11.2983,0.9825,23145,8.7,233145,3,6305.05504,2018
Mono,45.87671232876714,2018,13.6,(4.5-22.7),06051,3048.9851335,14174,14078,4847,1454,262,33421,1131,2030,2689,915,253,4940,590,1754,722,67,127,334,10.4,3.1,33421,11.3,14.3,19,6.5,5.2,34.9,4.3,12.5,5.1,1.4,2.6,2.4,0.2281,0,0.3333,0.3509,0.9123,0.1754,0.4035,0.193,0,0.0526,0.6491,0,0.3684,0.4035,0.7719,0.4035,0.7895,0.4035,0.0526,0.0351,0.5439,1.8246,0.1579,4.1579,0.0702,2335,16.6,12924,4,7729.0035,2018
Monterey,44.545205479452044,2018,5.3,(2.5-8.2),06053,3281.7191083,433212,141155,126052,58699,10475,28836,78816,55515,114125,37176,13019,301974,75432,14534,6567,17221,5984,17741,14.1,5.4,28836,28.7,12.8,26.3,8.9,10.3,69.7,18.8,10.3,4.7,13.7,4.7,4.1,0.4737,0.2456,0.5439,0.9298,2.193,0.5614,0.2105,0.7544,0.0702,0.7368,1.7719,0.3333,0.8947,0.9825,1.8772,0.9298,0.7368,0.3684,1,0.2105,0.7895,3.1052,0.807,8.9473,0.7368,46650,11.2,396147,8,3859.8578,2018
Napa,50.373626373626365,2018,13.8,(3.4-24.2),06055,748.3097634,140530,55557,49032,11168,3728,42677,14670,25360,29894,16313,3439,66371,11182,4946,3563,3083,2454,4106,8.1,5,42677,14.9,18,21.3,11.8,7,47.2,8.4,8.9,6.4,6.3,5,2.9,0.0702,0.1404,0.1053,0.5789,0.8948,0.1579,0.6316,0.4386,0.3684,0.3158,1.7544,0.2982,0.4912,0.6316,1.1228,0.5263,0.6842,0.5263,0.5439,0.2982,0.6667,2.7193,0.6316,6.4913,0.3333,9015,6.5,141759,8,92581.12391000001,2018
Nevada,55.1460055096419,2018,9.4,(2.3-16.6),06057,957.759727,99092,53654,40904,11169,2971,37145,4386,25177,17189,14614,2506,14622,1006,2020,3408,808,1689,1230,11.4,6.4,37145,5.8,25.4,17.3,14.9,6.1,14.8,1.1,3.8,6.4,2,4.1,1.2,0.2982,0.4035,0.2105,0.0175,0.9297,0.2105,0.8596,0.1579,0.6667,0.193,1.8772,0.386,0.0175,0.1053,0.1228,0.0526,0.2807,0.5263,0.0877,0.1053,0.1754,1.1754,0.0526,4.1051,0.0526,7605,7.8,81264,1,8.58183,2018
Orange,59.57808219178082,2018,5.7,(3.1-8.3),06059,792.7812169,3164182,1091376,1032373,359503,84431,39590,320340,440488,711188,269618,76115,1868146,304940,205967,30227,91513,45380,43395,11.5,5.1,39590,14.9,13.9,22.5,8.6,7.4,59,10.2,18.9,2.8,8.9,4.4,1.4,0.3158,0.1579,0.1754,0.5789,1.228,0.2982,0.386,0.5789,0.0526,0.4035,1.421,0.1579,0.6667,0.7895,1.4562,0.7193,0.8772,0.1404,0.8246,0.193,0.2456,2.2808,0.386,6.386,0.3158,265673,8.4,2870555,21,23369.998722730008,2018
Placer,54.12876712328771,2018,7.9,(3.4-12.4),06061,1407.0812723,380077,161846,140661,30293,9005,41508,14403,71099,85719,40330,8742,101697,6453,11592,4488,2924,5405,4171,8,4.9,41508,5.4,18.7,22.6,10.7,6.2,26.8,1.8,7.2,2.8,2.1,3.8,1.1,0.0526,0.1228,0.1228,0,0.2982,0.0175,0.6667,0.6316,0.2281,0.2105,1.7369,0.2807,0.2281,0.2456,0.4737,0.2105,0.5439,0.1404,0.1228,0.0702,0.0877,0.965,0.0175,3.4738,0.0175,17902,4.7,355423,8,1947.2583600000003,2018
Plumas,49.80857142857142,2018,13.2,(5.0-21.5),06063,2553.0612154,18699,15772,8047,2146,516,32710,874,4988,3063,3411,443,3128,168,230,1895,74,453,392,11.7,6.4,32710,6.1,26.7,16.4,18.4,5.5,16.7,0.9,1.5,12,0.9,5.6,2.1,0.3333,0.4035,0.3509,0.0351,1.1228,0.2456,0.9474,0.0877,0.8246,0.1053,1.965,0.4737,0.0351,0.0877,0.1228,0.0526,0.0351,0.8421,0.0175,0.5088,0.4737,1.8772,0.1754,5.0878,0.1404,647,3.5,18101,5,153822.03809999998,2018
Riverside,95.22739726027393,2018,9.1,(6.5-11.7),06065,7206.55578,2383286,833602,718349,345724,94709,27142,280295,328609,613808,269797,67737,1526818,181074,65164,73479,49586,30713,35103,14.7,8.6,27142,18.3,13.8,25.8,11.4,9.4,64.1,8.1,7.8,8.8,6.9,4.3,1.5,0.5088,0.7018,0.6491,0.6842,2.5439,0.6667,0.3509,0.7193,0.3333,0.6316,2.0351,0.5263,0.7368,0.5965,1.3333,0.6491,0.5965,0.6842,0.6491,0.1579,0.2807,2.3684,0.4386,8.2807,0.6491,237305,10,1882391,10,38612.512500000004,2018
Sacramento,68.73424657534247,2018,11.4,(7.9-14.9),06067,965.444539,1510023,567220,536029,235982,54551,31311,127852,202207,362761,181448,54489,827523,92841,74373,13311,26304,37651,24421,15.8,7.4,31311,12.6,13.4,24,12.1,10.2,54.8,6.6,13.1,2.3,4.9,7,1.6,0.5439,0.5439,0.4737,0.4561,2.0176,0.4912,0.3158,0.6842,0.386,0.7018,2.0878,0.5614,0.5965,0.5263,1.1228,0.5263,0.807,0.1228,0.4386,0.7719,0.3158,2.4561,0.4561,7.6843,0.5614,94295,6.3,1300701,4,399.6909,2018
San Benito,46.21917808219179,2018,NA,NA,06069,1388.6509764,59416,18614,17740,5459,2294,31475,7658,7194,15603,5562,1952,38636,5178,616,852,1465,424,276,9.2,7.4,31475,20.1,12.1,26.3,9.4,11,65,9.3,3.3,4.6,8.3,2.4,0.5,0.1404,0.5439,0.4561,0.7368,1.8772,0.4561,0.1404,0.7544,0.1228,0.7719,1.7895,0.3684,0.7719,0.7018,1.4737,0.7368,0.2281,0.3509,0.807,0,0,1.386,0.0877,6.5264,0.3509,4366,7.4,42121,9,2715.2127000000005,2018
San Bernardino,100.40821917808222,2018,9.6,(6.1-13.1),06071,20059.889101,2135413,716171,630633,359080,85647,23956,272865,233343,572852,227837,76906,1512151,159507,64444,40426,56480,32180,56827,17.3,8.8,23956,20.5,10.9,26.8,10.9,12.2,70.8,8.1,9,5.6,9,5.1,2.7,0.6667,0.807,0.7719,0.7544,3,0.7895,0.0351,0.7895,0.2456,0.8772,1.9474,0.4561,0.9298,0.5965,1.5263,0.7719,0.7193,0.4386,0.8421,0.3158,0.614,2.9298,0.7193,9.4035,0.8246,195347,9.4,1790098,8,1760.6184,2018
San Diego,71.84931506849314,2018,8.5,(7.0-10.1),06073,4208.7625312,3302833,1204884,1118980,403190,106962,36156,286008,439595,726344,314897,92411,1787453,216965,255366,42081,75015,61486,89451,12.5,6.4,36156,12.9,13.3,22,9.8,8.3,54.1,7,21.2,3.5,6.7,5.5,2.7,0.3684,0.4035,0.2456,0.4737,1.4912,0.3684,0.2807,0.5263,0.1579,0.5088,1.4737,0.1754,0.5614,0.5439,1.1053,0.5088,0.9123,0.2281,0.614,0.4211,0.614,2.7895,0.6667,6.8597,0.4211,279602,8.7,2933894,16,1506.9213499000002,2018
San Joaquin,68.20547945205482,2018,12.6,(6.8-18.4),06077,1392.3854182,732212,241055,226727,114294,28989,26145,96905,89461,201506,89397,26630,494325,62038,20238,8143,16525,14450,15994,15.9,8.7,26145,21.1,12.2,27.5,12.4,11.7,67.5,9.1,8.4,3.4,7.3,6.4,2.2,0.5614,0.7544,0.6842,0.7719,2.7719,0.7368,0.1579,0.8772,0.4561,0.8421,2.3333,0.6842,0.8421,0.6842,1.5263,0.7719,0.614,0.2105,0.6842,0.6491,0.4912,2.649,0.5614,9.2805,0.7895,53972,7.5,633854,2,11823.2354,2018
San Luis Obispo,55.30136986301368,2018,5.4,(2.2-8.6),06079,3300.6361615,281455,121095,105317,35303,6175,35832,17123,52758,50492,31615,6938,86881,9045,7329,9630,3482,4557,16435,13.3,4.6,35832,9.1,18.7,17.9,11.5,6.6,30.9,3.4,6.1,8,3.3,4.3,5.8,0.386,0.0526,0.2632,0.1053,0.8071,0.1404,0.6667,0.1754,0.3509,0.2982,1.4912,0.193,0.2982,0.3333,0.6315,0.3158,0.4912,0.6491,0.2982,0.1579,0.8947,2.4911,0.4912,5.4209,0.1579,20715,7.5,265934,19,1527.552645,2018
Santa Barbara,52.205479452054796,2018,NA,NA,06083,2735.1376212,443738,156210,144962,63010,13861,34229,52042,64775,99117,43333,12768,244382,45552,21169,6950,15410,8052,19863,14.8,6.1,34229,19,14.6,22.3,9.9,8.8,55.1,11,13.6,4.4,10.6,5.6,4.5,0.5263,0.2807,0.2807,0.7018,1.7895,0.4386,0.4211,0.5614,0.1754,0.5439,1.7018,0.2632,0.614,0.8421,1.4561,0.7018,0.8246,0.3333,0.9649,0.5088,0.807,3.4386,0.9649,8.386,0.6667,46478,10.6,422373,9,1990.9919999999997,2018
Santa Clara,56.63287671232882,2018,9.5,(6.5-12.4),06085,1291.0851176,1922200,665365,635525,149850,49598,52451,157687,246908,432684,151779,39585,1306288,162853,144578,19043,51170,32645,35944,7.9,4.8,52451,11.9,12.8,22.5,7.9,6.2,68,9,21.7,2.9,8.1,5.1,1.9,0.0351,0.1053,0.0526,0.386,0.579,0.0526,0.2105,0.5789,0.0175,0.2105,1.0174,0.0351,0.8596,0.6667,1.5263,0.7719,0.9474,0.193,0.7719,0.3158,0.4211,2.6492,0.5789,5.7719,0.2281,91726,4.8,1782410,2,441.748,2018
Santa Cruz,44.673972602739745,2018,8.3,(4.6-12.1),06087,445.1239815,273765,105894,95756,37429,9027,39001,24323,41001,53761,30314,6797,116225,20226,9105,6053,7034,5234,12684,14.3,6.3,39001,13.6,15,19.6,11.1,7.1,42.5,7.8,8.6,5.7,7.3,5.5,4.6,0.4912,0.386,0.193,0.5088,1.579,0.4035,0.4912,0.2456,0.2807,0.3333,1.3508,0.1053,0.4561,0.5789,1.035,0.4912,0.6491,0.4561,0.6842,0.4211,0.8246,3.0351,0.7719,6.9999,0.4561,17004,6.2,243053,2,24.66638,2018
Shasta,51.46849315068493,2018,6.9,(3.0-10.8),06089,3775.394188,179085,78535,70473,30186,4824,27983,11606,35621,38673,31671,6077,35510,2041,3545,9313,2301,4788,3278,17.1,6.2,27983,9.2,19.9,21.6,17.8,8.6,19.8,1.2,4.5,11.9,3.3,6.8,1.8,0.6491,0.3509,0.5789,0.1228,1.7017,0.4211,0.7368,0.4737,0.7895,0.5263,2.5263,0.7895,0.1228,0.1404,0.2632,0.1404,0.4035,0.8246,0.2982,0.7018,0.386,2.6141,0.5263,7.1053,0.4737,13266,7.5,169416,15,343557.12971,2018
Siskiyou,55.73150684931512,2018,13.2,(5.0-21.5),06093,6278.7649556,43540,24102,19257,8374,1440,28130,3181,10463,8797,8410,1416,10150,613,792,3031,622,1350,543,19.4,7.9,28130,10,24,20.2,19.4,7.4,23.3,1.5,3.3,12.6,3.2,7,1.2,0.7368,0.5789,0.5614,0.2456,2.1227,0.5263,0.8246,0.3158,0.8947,0.4035,2.4386,0.7544,0.193,0.1754,0.3684,0.1754,0.2281,0.8596,0.2456,0.7719,0.1754,2.2806,0.3684,7.2103,0.5088,3050,7,40427,18,76742.136143,2018
Solano,53.66849315068491,2018,12.5,(6.1-18.9),06095,821.7515515,438530,156896,149067,44427,15346,33700,36031,64390,98813,52805,15236,269660,20223,13520,4468,7695,7541,10444,10.4,7,33700,12,14.7,22.5,12.4,10.2,61.5,4.9,8.6,2.8,5.2,5.1,2.4,0.2281,0.5263,0.2982,0.4035,1.4561,0.3509,0.4561,0.5789,0.4561,0.7018,2.1929,0.614,0.7193,0.4211,1.1404,0.5614,0.6491,0.1404,0.4737,0.3158,0.5439,2.1229,0.2456,6.9123,0.4386,23696,5.6,354911,1,2158.43,2018
Sonoma,44.00273972602741,2018,12.1,(5.5-18.6),06097,1575.8718794,501317,207631,189339,50714,13543,39929,42831,91097,100818,60313,13847,183080,26868,18481,9981,9850,9223,8491,10.3,5.1,39929,12,18.2,20.1,12.1,7.3,36.5,5.6,8.9,4.8,5.2,4.9,1.7,0.2105,0.1579,0.1579,0.4035,0.9298,0.2281,0.6491,0.2632,0.386,0.386,1.6843,0.2456,0.386,0.4561,0.8421,0.4386,0.6842,0.386,0.4737,0.2632,0.3509,2.158,0.2982,5.6142,0.2105,34386,6.9,440034,2,13.895902999999999,2018
Stanislaus,69.29863013698629,2018,8.1,(3.3-12.9),06099,1496.0150657,539301,181213,172682,86066,26130,25101,73664,67770,146907,70933,20021,309505,48530,12059,7723,11489,11100,5269,16.1,10.5,25101,21.7,12.6,27.2,13.2,11.6,57.4,9.7,6.7,4.3,6.7,6.4,1,0.614,0.9474,0.7544,0.807,3.1228,0.8421,0.193,0.8246,0.5263,0.8246,2.3685,0.7018,0.6491,0.7193,1.3684,0.6667,0.5263,0.3158,0.614,0.6491,0.0351,2.1403,0.2632,9,0.7544,35012,6.5,468322,4,11905.5611,2018
Sutter,67.45753424657536,2018,16,(7.6-24.4),06101,602.5301352,95872,34315,32360,15181,4144,26070,13697,14228,25116,13032,3639,51103,9529,2891,2013,2087,1934,1012,16,9.7,26070,22,14.8,26.2,13.8,11.2,53.3,10.7,8.4,5.9,6.4,6,1.1,0.5789,0.8947,0.7018,0.8246,3,0.7895,0.4737,0.7368,0.614,0.7895,2.614,0.9123,0.5439,0.8246,1.3685,0.6842,0.614,0.4737,0.5614,0.5614,0.0877,2.2982,0.4035,9.2807,0.807,9118,9.6,79153,3,1355.5859,2018
Tehama,55.558904109589015,2018,11.8,(4.9-18.6),06103,2949.1353968,63373,27437,24025,13464,2484,23126,6766,11965,15178,12622,2497,19834,2130,622,5745,1246,1802,866,21.5,9.3,23126,15.6,18.9,24,20.1,10.4,31.3,3.6,2.3,20.9,5.2,7.5,1.4,0.8947,0.8421,0.8421,0.614,3.1929,0.8772,0.7018,0.6842,0.9123,0.7544,3.0527,1,0.3158,0.3684,0.6842,0.3684,0.0877,0.9474,0.4737,0.8772,0.2456,2.6316,0.5439,9.5614,0.8596,4612,7.3,55364,11,11618.557899999998,2018
Trinity,55.948453608247426,2018,13.2,(5.0-21.5),06105,3179.2662178,12862,8850,5796,2491,446,25964,932,3389,2172,2713,533,2255,102,77,2180,148,320,293,19.7,8.6,25964,9.4,26.3,16.9,21.4,9.2,17.5,0.8,0.9,24.6,2.6,5.5,2.3,0.7719,0.7018,0.7193,0.1404,2.3334,0.6316,0.9123,0.1228,0.9825,0.5789,2.5965,0.8596,0.0526,0.0526,0.1052,0.0175,0,1,0.193,0.4211,0.5263,2.1404,0.2807,7.1755,0.4912,1435,11.3,9931,5,295282.94299999997,2018
Tulare,87.28219178082193,2018,9.5,(2.3-16.7),06107,4824.3765423,460477,147791,136106,115786,18321,20421,81345,50391,143528,55228,19209,326860,61208,6561,10023,13317,8274,5426,25.5,9.4,20421,30.2,10.9,31.2,12.1,14.1,71,14.5,4.4,6.8,9.8,6.1,1.2,1,0.8596,0.9825,0.9474,3.7895,0.9649,0.0351,1,0.386,0.9474,2.3685,0.7018,0.9474,0.9474,1.8948,0.9649,0.386,0.5614,0.9298,0.614,0.1754,2.6666,0.5965,10.7194,0.9474,44779,9.8,407291,10,8439.74506,2018
Tuolumne,48.879310344827566,2018,13.6,(4.5-22.7),06109,2220.8893497,53932,31487,22427,6715,1516,33685,3936,13351,9013,9698,1172,10568,398,728,2931,689,1055,3449,13.3,6.8,33685,9.6,24.8,16.7,19,5.2,19.6,0.8,2.3,9.3,3.1,4.7,6.4,0.386,0.4737,0.3158,0.1579,1.3334,0.3333,0.8421,0.1053,0.8772,0.0526,1.8772,0.386,0.1053,0.0526,0.1579,0.0877,0.0877,0.7193,0.2281,0.2105,0.9298,2.1754,0.3158,5.5439,0.193,2915,5.7,48452,10,134146.52434000003,2018
Ventura,61.49589041095888,2018,6.6,(3.8-9.5),06111,1842.4665107,848112,287498,271226,80058,25853,36891,88185,123435,199599,92104,20997,459811,77382,31090,10988,17892,11400,12601,9.6,5.9,36891,15.6,14.6,23.5,10.9,7.7,54.2,9.7,10.8,3.8,6.6,4.2,1.5,0.1579,0.2632,0.2281,0.614,1.2632,0.3158,0.4211,0.6667,0.2456,0.4386,1.772,0.3509,0.5789,0.7193,1.2982,0.6316,0.7544,0.2456,0.5965,0.1404,0.2807,2.0176,0.193,6.351,0.2982,78474,9.3,702449,62,94449.72630525996,2018
Yolo,52.224657534246596,2018,11.3,(4.2-18.4),06113,1014.7319493,214977,77512,73510,40583,6722,32598,17180,25441,45919,19947,5624,113703,12376,11484,3060,4068,5482,8204,19.6,6.5,32598,13.6,11.8,21.4,9.3,7.7,52.9,6.1,14.8,3.9,5.5,7.5,3.8,0.7544,0.4561,0.3684,0.5088,2.0877,0.5088,0.1053,0.4561,0.1053,0.4386,1.1053,0.0526,0.5263,0.4912,1.0175,0.4737,0.8596,0.2807,0.5263,0.8772,0.7719,3.3157,0.9123,7.5262,0.5439,12563,5.9,223875,3,90665.4152,2018
Alameda,57.161202185792376,2020,7.5,(5.7-9.3),06001,737.461520028006,1661584,605767,573174,NA,43126,NA,132307,231186,341591,151635,29079,1153001,119494,135019,7291,45236,53539,31878,NA,4.7,NA,11.2,13.9,20.6,9.2,5.1,69.4,7.6,22.3,1.2,7.9,9.3,1.9,NA,0.193,NA,0.3684,0.9649,0.1053,0.2632,0.3509,0.1053,0.3509,1.6843,0.0702,0.8596,0.614,0.8596,0.8596,0.9298,0.0351,0.7544,0.9825,0.4211,3.1229,0.8772,6.6317,0.2807,70389,4.3,1715160,1,396824,2020
Amador,38.45403899721447,2020,6.9,(4.1-9.7),06005,594.583866431254,39023,18246,14844,NA,853,NA,2711,10537,5962,6336,493,9062,418,908,1349,381,1009,3578,NA,5.6,NA,8.8,27,15.3,17.9,3.3,23.2,1.1,5,7.4,2.6,6.8,9.2,NA,0.3333,NA,0.1579,1.2806,0.193,0.8596,0.0175,0.8596,0.0526,1.8946,0.1579,0.1754,0.1053,0.1754,0.1754,0.386,0.5789,0.1579,0.7895,0.9474,2.8597,0.6667,6.2103,0.2281,1817,5.1,37659,2,68.3997,2020
Butte,65.65573770491805,2020,13.3,(9.1-17.6),06007,1636.488963275196,223344,93968,83879,NA,7687,NA,15042,40663,44865,37565,4313,64420,5615,7581,11432,2905,5564,6245,NA,7.4,NA,10.3,18.2,20.1,17,5.1,28.8,2.7,8.1,12.2,3.5,6.6,2.8,NA,0.6667,NA,0.3158,3.0176,0.5965,0.614,0.2982,0.807,0.3509,2.3683,0.4386,0.2456,0.2982,0.2456,0.2456,0.5789,0.8596,0.2632,0.7368,0.6491,3.0876,0.8596,8.7191,0.5965,13336,6,211098,16,321773.9012999999,2020
Calaveras,54.68956043956046,2020,6.9,(4.1-9.7),06009,1020.018687984618,45828,28096,16958,NA,949,NA,3641,12840,7618,9146,726,9048,312,429,2108,315,269,514,NA,5.2,NA,10.3,28,16.6,20.1,4.3,19.7,0.7,1.5,7.5,1.9,1.6,1.1,NA,0.2982,NA,0.3158,2.1929,0.4211,0.9298,0.0877,0.9825,0.2105,2.2456,0.3509,0.0526,0.0351,0.0526,0.0526,0.0175,0.614,0.0526,0,0.1053,0.7894,0,5.2805,0.1053,2424,5.3,35355,2,2991.73,2020
Colusa,55.43442622950823,2020,11.5,(7.8-15.2),06011,1150.712426560154,21491,8153,7329,NA,425,NA,3728,3142,5863,2861,596,14009,2821,155,612,434,324,202,NA,4.2,NA,27.2,14.6,27.3,13.4,8.1,65.2,14.2,1.9,7.5,5.9,4.4,0.9,NA,0.0702,NA,0.9298,2.772,0.5263,0.3684,0.8772,0.5789,0.8421,3.6315,0.9825,0.7368,0.9649,0.7368,0.7368,0.0526,0.614,0.5614,0.2456,0.0175,1.4911,0.1053,8.6314,0.5789,1815,8.5,22483,6,1338779.3062699998,2020
Contra Costa,54.17759562841533,2020,8.7,(5.9-11.5),06013,716.929061615816,1147788,415067,398299,NA,32666,NA,80257,181578,260191,127957,23103,658653,65454,53171,6533,19927,21003,9828,NA,5.5,NA,10.1,15.8,22.7,11.2,5.8,57.4,6,12.8,1.6,5,5.3,0.9,NA,0.3158,NA,0.2807,0.9824,0.1228,0.4912,0.6491,0.2632,0.5088,2.4035,0.4912,0.6316,0.4912,0.6316,0.6316,0.7719,0.0877,0.4561,0.4912,0.0175,1.8244,0.1228,5.8419,0.1754,57133,5,998459,1,396824,2020
Del Norte,43.328767123287676,2020,8,(5.5-10.6),06015,1006.22738554957,27692,11349,9805,NA,625,NA,4008,4924,6003,4622,613,10764,411,433,2220,395,847,2790,NA,6.4,NA,20.3,17.8,21.7,18.5,6.3,38.9,1.6,3.8,19.6,4,8.6,10.1,NA,0.5088,NA,0.8246,2.8422,0.5789,0.5789,0.5088,0.8947,0.614,2.8069,0.6842,0.4035,0.2105,0.4035,0.4035,0.2632,0.9474,0.3333,0.9474,0.9825,3.4738,0.9649,9.5264,0.7719,1370,5.5,27006,1,157430,2020
El Dorado,51.584699453551956,2020,8.8,(5.6-11.9),06017,1707.84872758093,190345,91569,73078,NA,4197,NA,8300,40418,37911,24758,2508,43426,2722,4353,4861,1864,3117,1766,NA,4.7,NA,6,21.2,19.9,13.1,3.4,22.8,1.5,4.8,5.3,2.6,4.3,0.9,NA,0.193,NA,0.0702,0.7193,0.0702,0.7368,0.2632,0.5439,0.0702,1.772,0.1228,0.1404,0.1579,0.1404,0.1404,0.3684,0.4211,0.1579,0.1754,0.0175,1.1403,0.0702,3.772,0.0175,8174,4.3,165238,4,1724.3982999999998,2020
Fresno,87.1612021857923,2020,12.8,(9.7-15.9),06019,5958.379844919784,990204,333357,310097,NA,39697,NA,138814,121129,281391,127456,27574,706035,99823,28072,12429,29905,24446,16855,NA,8.9,NA,22.7,12.2,28.4,13,8.9,71.3,10.9,8.4,3.7,9.6,7.9,1.7,NA,0.8246,NA,0.8421,4.2456,0.9298,0.0877,0.9298,0.5088,0.9123,3.2982,0.8947,0.9123,0.8596,0.9123,0.9123,0.5965,0.2456,0.8947,0.9123,0.3509,3,0.7719,11.4561,0.9649,76302,7.8,1028337,16,415006.8663,2020
Glenn,57.14010989010994,2020,11.5,(7.8-15.2),06021,1313.966998536702,28060,11210,10216,NA,712,NA,4608,4593,7491,4197,698,13762,2700,719,1505,402,423,289,NA,5.7,NA,25.5,16.4,26.7,15.1,6.8,49,10.4,6.4,13.4,3.9,4.1,1,NA,0.3684,NA,0.8772,3.1755,0.6842,0.5439,0.807,0.6491,0.7018,3.5088,0.9649,0.5088,0.807,0.5088,0.5088,0.4561,0.8947,0.3158,0.1579,0.0877,1.9122,0.1404,9.1053,0.6667,2549,9.2,24993,5,1034079.29,2020
Humboldt,32.87158469945355,2020,10.3,(7.3-13.3),06023,3568.186818047358,136101,63003,54120,NA,6074,NA,8745,24287,25945,22711,3417,36240,1942,2754,5388,2239,3903,4054,NA,9,NA,9.4,17.8,19.1,16.8,6.3,26.6,1.5,4.4,8.6,4.1,7.2,3,NA,0.8596,NA,0.2281,3.7017,0.8596,0.5789,0.193,0.7719,0.614,2.3157,0.4035,0.2105,0.1579,0.2105,0.2105,0.3333,0.6667,0.3509,0.8772,0.7018,2.9299,0.7193,9.1578,0.6842,10480,7.8,129822,6,144188.5892,2020
Imperial,65.09836065573772,2020,10.6,(7.3-14.0),06025,4175.536859848724,180580,57855,45768,NA,9444,NA,32935,23306,51772,23772,4342,162187,32870,3929,5684,4536,3237,10063,NA,13.7,NA,29.8,12.9,28.7,13.9,9.5,89.8,19.8,6.8,9.8,9.9,7.1,5.6,NA,1,NA,0.9825,4.5088,0.9825,0.1754,0.9474,0.614,0.9825,3.7193,1,1,1,1,1,0.4912,0.7895,0.9123,0.8421,0.8772,3.9123,1,13.1404,1,12001,7,191677,3,132.58259999999999,2020
Inyo,78.41530054644818,2020,6.9,(4.1-9.7),06027,10197.256158329406,17930,9514,7954,NA,330,NA,1246,4172,3722,2690,276,6980,303,216,2322,153,446,626,NA,3.9,NA,9.5,23.3,20.8,15.3,3.5,38.9,1.8,2.3,24.4,1.9,5.6,3.5,NA,0.0175,NA,0.2456,1.1053,0.1579,0.807,0.4035,0.6667,0.0877,2.2281,0.3333,0.4035,0.2632,0.4035,0.4035,0.1053,1,0.0526,0.5789,0.7544,2.4912,0.5088,6.2281,0.2456,1183,6.7,17681,1,9150.4,2020
Kern,88.65300546448087,2020,9,(6.9-11.1),06029,8134.64181733248,892458,299179,273556,NA,34847,NA,134122,97864,258159,98426,23417,595953,82813,16844,22085,25164,17920,30505,NA,9.1,NA,24.7,11,28.9,11.4,8.6,66.8,10.1,5.6,7.4,9.2,6.6,3.4,NA,0.8947,NA,0.8596,4.2982,0.9649,0.0175,0.9649,0.2807,0.8772,2.9298,0.7544,0.807,0.7895,0.807,0.807,0.4211,0.5789,0.8772,0.7368,0.7368,3.3508,0.9123,11.3858,0.9474,66775,7.7,902998,34,12213.58725,2020
Kings,77.89617486338803,2020,12.8,(8.8-16.7),06031,1390.971807674146,151090,46267,43604,NA,4952,NA,24350,15564,40923,16034,4015,103373,14598,3149,1795,3650,2287,14129,NA,8.4,NA,26,10.3,27.1,11.9,9.2,68.4,10.5,6.8,3.9,8.4,5.2,9.4,NA,0.7368,NA,0.8947,3.4912,0.807,0,0.8246,0.4035,0.9474,3.0001,0.807,0.8246,0.8246,0.8246,0.8246,0.4912,0.2807,0.807,0.4386,0.9649,2.9824,0.7368,10.2983,0.8596,10122,7.5,148434,2,63.3635,2020
Lake,32.68376068376066,2020,11.7,(7.4-16.0),06033,1256.5506963754,64276,34477,25508,NA,2819,NA,6403,14685,13528,12831,1357,19786,1706,1010,7727,967,1306,984,NA,10.5,NA,13.8,22.8,21,20.2,5.3,30.8,2.8,2.9,22.4,3.8,5.1,1.5,NA,0.9649,NA,0.5439,3.6667,0.8246,0.7895,0.4211,1,0.4211,2.9475,0.7895,0.2807,0.3158,0.2807,0.2807,0.1754,0.9825,0.2807,0.4211,0.2807,2.1404,0.2632,9.0353,0.6316,4642,7.3,53048,16,1338241.0720600002,2020
Los Angeles,99.12295081967217,2020,8.7,(7.8-9.6),06037,4059.279940306098,10040682,3559790,3332504,NA,338720,NA,1395909,1370141,2178559,1005489,207101,7437402,1215442,971970,56891,374206,293326,182563,NA,6.5,NA,20.2,13.6,21.7,10.1,6.2,74.1,12.9,27.3,1.6,11.2,8.8,1.8,NA,0.5439,NA,0.7719,3.7544,0.8772,0.2281,0.5088,0.1404,0.5965,2.3861,0.4561,0.9825,0.9123,0.9825,0.9825,0.9825,0.0877,0.9825,0.9649,0.386,3.4036,0.9474,10.5266,0.8772,914046,9.2,9991605,40,157634.58316000004,2020
Madera,71.51092896174868,2020,13.7,(8.6-18.8),06039,2136.916867410304,155925,50480,44479,NA,6270,NA,27479,21858,42781,19865,2929,103816,18287,1598,3240,4840,1955,8186,NA,9.6,NA,28,14,27.4,13.4,6.6,66.6,12.7,3.2,6.4,10.9,4.4,5.2,NA,0.9123,NA,0.9474,3.9474,0.9123,0.2807,0.8947,0.5789,0.6667,3.3157,0.9298,0.7719,0.8947,0.7719,0.7719,0.2281,0.5263,0.9649,0.2456,0.8421,2.807,0.614,10.842,0.9123,11242,7.6,151911,4,380435.0567,2020
Marin,42.33060109289619,2020,10.7,(8.1-13.4),06041,520.422950262314,259441,112319,104900,NA,6184,NA,12137,57834,51974,22652,5069,76182,8984,14401,1319,4689,4495,7152,NA,4.5,NA,6.4,22.3,20,8.9,4.8,29.4,3.6,12.8,1.2,4.5,4.3,2.8,NA,0.1228,NA,0.0877,0.3157,0,0.7719,0.2807,0.0526,0.2807,1.7894,0.1404,0.2632,0.4035,0.2632,0.2632,0.7719,0.0351,0.4035,0.1754,0.6491,2.035,0.1754,4.4033,0.0526,8222,3.2,246039,4,4925.7463099999995,2020
Mariposa,70.85519125683066,2020,6.9,(4.1-9.7),06043,1448.83886886247,17319,10525,7846,NA,661,NA,1232,4881,2844,3277,679,3653,141,303,1814,188,381,1190,NA,8.7,NA,9.1,28.2,16.4,19.1,8.7,21.1,0.9,2.9,17.2,2.4,4.9,6.9,NA,0.7895,NA,0.2105,2.807,0.5614,0.9649,0.0702,0.9474,0.8947,2.9474,0.7719,0.1228,0.0702,0.1228,0.1228,0.1754,0.9123,0.1053,0.3684,0.9298,2.4912,0.5088,8.3684,0.5614,1171,6.8,15131,5,7083.847559999999,2020
Mendocino,52.10109289617483,2020,9.8,(5.6-14.1),06045,3506.822560387532,87110,40874,34164,NA,3536,NA,8269,19234,18592,15278,2523,31263,3810,1617,3911,1864,2385,2275,NA,8.6,NA,13.3,22.1,21.3,17.7,7.4,35.9,4.6,4,9.6,5.5,7,2.6,NA,0.7719,NA,0.5263,3.9123,0.8947,0.7544,0.4561,0.8246,0.7719,3.2456,0.8421,0.3684,0.4386,0.3684,0.3684,0.2982,0.7719,0.5088,0.8246,0.614,3.0175,0.7895,10.5438,0.8947,8044,9.3,82119,7,1035270.6114999998,2020
Merced,64.08196721311478,2020,14.7,(9.1-20.3),06047,1938.003132479464,273661,86691,81306,NA,12819,NA,49104,30765,80729,35541,7831,200074,33758,3685,5692,6941,5792,6050,NA,10.7,NA,30.3,11.2,29.5,13.1,9.6,73.1,13.4,4.3,6.6,8.5,7.1,2.2,NA,0.9825,NA,1,4.2808,0.9474,0.0351,0.9825,0.5439,1,3.4913,0.9474,0.9649,0.9298,0.9649,0.9649,0.3158,0.5614,0.8246,0.8421,0.4912,3.0351,0.807,11.7721,0.9825,21609,8,265012,4,399798.4716,2020
Mono,113.52732240437155,2020,6.9,(4.1-9.7),06051,3048.902601116358,14395,14092,5196,NA,202,NA,1185,2198,2983,913,154,5057,439,1927,870,216,165,352,NA,2.4,NA,11.8,15.3,20.7,6.4,3,35.1,3.2,13.7,6.2,4.2,3.2,2.4,NA,0,NA,0.4561,1.9824,0.3158,0.4035,0.386,0,0.0175,1.1754,0,0.3333,0.3684,0.3333,0.3333,0.8246,0.4912,0.3684,0.0351,0.5439,2.2632,0.3684,5.7543,0.1579,1800,12.6,14093,6,51170.19849999999,2020
Monterey,47.54918032786882,2020,8.3,(5.4-11.2),06053,3281.721451901264,432977,141910,128003,NA,10084,NA,74661,59061,113350,37082,7163,305345,68607,14762,6592,17397,5449,17329,NA,5.1,NA,27,13.6,26.2,8.9,5.6,70.5,17.1,10.4,4.6,13.6,4.3,4,NA,0.2632,NA,0.9123,3.2808,0.7193,0.2281,0.7719,0.0526,0.4561,2.4912,0.5614,0.8947,0.9825,0.8947,0.8947,0.7368,0.3684,1,0.1754,0.7895,3.0701,0.8421,9.7368,0.8246,39081,9.4,439994,21,213367.32044999997,2020
Napa,46.79726027397261,2020,14.1,(4.7-23.6),06055,748.278403466328,138572,55339,48484,NA,3350,NA,14162,26610,28555,16700,2256,66755,9612,5433,3539,2858,2418,4001,NA,4.5,NA,14.5,19.2,20.6,12.2,4.7,48.2,7.3,9.8,6.4,5.9,5,2.9,NA,0.1228,NA,0.614,1.3684,0.2105,0.6316,0.3509,0.4561,0.2632,2.2983,0.3684,0.4737,0.5965,0.4737,0.4737,0.7018,0.5263,0.5614,0.4035,0.6842,2.8772,0.6842,7.0176,0.3684,8025,5.9,149332,11,372949.58598,2020
Nevada,56.79781420765022,2020,6,(4.2-7.9),06057,957.759718476804,99417,53905,40917,NA,1851,NA,4144,27250,17000,13719,1627,15100,1167,2127,3296,711,1483,1255,NA,4,NA,5.4,27.4,17.1,13.9,4,15.2,1.2,3.9,6.1,1.7,3.6,1.3,NA,0.0351,NA,0.0526,1.2456,0.1754,0.8772,0.1404,0.614,0.1404,1.8948,0.193,0.0175,0.1228,0.0175,0.0175,0.2807,0.4561,0.0175,0.0877,0.193,1.035,0.0351,4.1929,0.0351,5617,5.7,89266,1,705.546,2020
Orange,65.03825136612022,2020,7.9,(6.6-9.2),06059,792.840952285266,3170345,1101244,1040001,NA,83099,NA,304692,468842,697715,279176,52985,1907705,279331,212164,29762,91873,46302,43652,NA,5,NA,14,14.8,22,8.9,5.1,60.2,9.4,19.3,2.7,8.8,4.5,1.4,NA,0.2456,NA,0.5614,2.0175,0.3333,0.386,0.5789,0.0526,0.3509,2.1228,0.3158,0.6667,0.7544,0.6667,0.6667,0.8772,0.1404,0.8421,0.2807,0.2632,2.4036,0.4386,7.2106,0.4211,225042,7.1,3408183,11,32903.82449000001,2020
Placer,68.14754098360653,2020,10,(6.7-13.3),06061,1407.073921698848,391799,166083,145714,NA,7917,NA,13573,76618,87116,40920,6544,111533,6094,12418,4448,2813,5403,4187,NA,4.2,NA,4.9,19.6,22.2,10.5,4.5,28.5,1.6,7.5,2.7,1.9,3.7,1.1,NA,0.0702,NA,0.0175,0.3508,0.0175,0.6491,0.5965,0.2281,0.2456,1.9298,0.2456,0.2281,0.2105,0.2281,0.2281,0.5439,0.1404,0.0526,0.1053,0.1053,0.9475,0.0175,3.4562,0,14444,3.7,405989,13,1354.0344999999998,2020
Plumas,73.24444444444441,2020,8,(5.5-10.6),06063,2553.061162870744,18844,15873,8332,NA,524,NA,771,5217,3172,3131,311,3343,216,305,1900,196,442,395,NA,6.3,NA,5.3,27.7,16.8,16.8,3.7,17.7,1.2,1.9,12,2.4,5.3,2.1,NA,0.4912,NA,0.0351,1.0702,0.1404,0.9123,0.1228,0.7719,0.1053,2.0351,0.2632,0.0351,0.1228,0.0351,0.0351,0.0526,0.8421,0.1053,0.4912,0.4737,1.9649,0.1579,5.1053,0.0877,592,3.2,18783,9,395463.1749,2020
Riverside,98.120218579235015,2020,7.3,(6.0-8.7),06065,7209.266106034932,2437864,845066,736413,NA,82367,NA,273740,352375,613823,280243,45018,1600017,182640,64822,72363,52030,29230,37959,NA,7.3,NA,17.2,14.5,25.2,11.6,6.1,65.6,8,7.7,8.6,7.1,4,1.6,NA,0.614,NA,0.6491,3.3332,0.7368,0.3509,0.7193,0.3333,0.5614,2.614,0.5965,0.7544,0.6491,0.7544,0.7544,0.5614,0.6667,0.6842,0.1404,0.3333,2.386,0.4035,9.0876,0.6491,204878,8.5,2229551,17,79211.69548,2020
Sacramento,65.08469945355195,2020,9.9,(7.5-12.2),06067,965.270605470636,1537948,572916,547519,NA,48974,NA,125811,216519,363852,182571,39843,865983,89534,74537,13609,28745,34601,23821,NA,6.4,NA,12.1,14.1,23.7,12,7.3,56.3,6.2,13,2.4,5.3,6.3,1.5,NA,0.5088,NA,0.4912,2.5088,0.4912,0.2982,0.6842,0.4211,0.7544,2.6842,0.6316,0.614,0.5263,0.614,0.614,0.807,0.1228,0.4912,0.7018,0.2807,2.4035,0.4211,8.2105,0.5439,83134,5.5,1598380,4,6506.119,2020
San Benito,47.92896174863389,2020,10.9,(3.3-18.4),06069,1388.65101110067,61547,19215,18389,NA,2409,NA,7223,7812,15844,6237,1123,40980,4971,501,849,1415,505,266,NA,7.5,NA,18.1,12.7,25.7,10.2,6.1,66.6,8.7,2.6,4.4,7.7,2.7,0.4,NA,0.7018,NA,0.6842,2.4386,0.4737,0.1404,0.7368,0.193,0.5614,2.2983,0.3684,0.7719,0.6667,0.7719,0.7719,0.1579,0.3333,0.7368,0.0175,0,1.2455,0.0877,6.7543,0.3158,4012,6.5,50841,5,2433.72555,2020
San Bernardino,107.69125683060112,2020,6.7,(5.1-8.3),06071,20068.00238544374,2162532,721376,640090,NA,72961,NA,264035,250032,570845,241186,52980,1566270,153812,71427,40936,56289,30615,51927,NA,7.3,NA,19.3,11.6,26.4,11.4,8.3,72.4,7.7,9.9,5.7,8.8,4.8,2.4,NA,0.614,NA,0.7193,3.6841,0.8421,0.0702,0.7895,0.2807,0.8596,2.6316,0.614,0.9474,0.6316,0.9474,0.9474,0.7193,0.4386,0.8421,0.3333,0.5439,2.8772,0.6842,10.1403,0.8421,175185,8.3,2071938,25,115767.45933000001,2020
San Diego,78.15300546448086,2020,7.2,(6.2-8.3),06073,4210.231983638214,3323970,1215528,1130703,NA,104435,NA,270769,467737,718250,322003,63612,1831805,200324,264838,41738,77186,61132,91323,NA,6.2,NA,12,14.1,21.6,10,5.6,55.1,6.4,21.8,3.4,6.8,5.4,2.7,NA,0.4737,NA,0.4737,2.5615,0.5088,0.2982,0.4737,0.1228,0.4561,1.8947,0.1754,0.5614,0.5439,0.5614,0.5614,0.9123,0.2281,0.6491,0.5614,0.6316,2.9825,0.7544,8.0001,0.5263,244072,7.6,3453356,8,20715.866699999995,2020
San Joaquin,62.467213114754124,2020,9.2,(6.3-12.2),06077,1392.369720467204,751615,245192,231092,NA,24994,NA,94567,95949,203670,91706,17654,520758,60993,20995,8074,18233,12841,17700,NA,7.2,NA,19.9,12.8,27.1,12.4,7.6,69.3,8.7,8.6,3.3,7.9,5.6,2.4,NA,0.5965,NA,0.7544,3.1053,0.6667,0.1579,0.8246,0.4737,0.7895,2.9124,0.7368,0.8421,0.6667,0.8421,0.8421,0.614,0.2105,0.7544,0.5789,0.5439,2.7017,0.5965,9.5615,0.7895,46860,6.3,737899,2,396912.6926,2020
San Luis Obispo,60.31693989071043,2020,5.7,(3.3-8.0),06079,3300.852728780864,282517,122256,106244,NA,6154,NA,15482,56700,49949,32401,4063,89558,7485,7043,9146,3281,3968,16332,NA,4.5,NA,8.2,20.1,17.7,11.7,3.8,31.7,2.8,5.8,7.5,3.1,3.7,5.8,NA,0.1228,NA,0.1404,1.421,0.2632,0.7018,0.1754,0.3509,0.1228,1.6667,0.0526,0.2982,0.3158,0.2982,0.2982,0.4386,0.614,0.193,0.1053,0.8947,2.2456,0.3333,5.6315,0.1228,16434,6,279704,58,9940.760789999998,2020
San Mateo,44.934426229508176,2020,11,(8.0-14.0),06081,448.620421943672,765623,278756,263351,NA,17209,NA,52921,123817,156769,62417,10521,470451,49933,57449,2997,19984,13775,9952,NA,4,NA,9.6,16.2,20.5,8.2,4,61.4,6.9,20.6,1.1,7.6,5.2,1.3,NA,0.0351,NA,0.2632,0.4211,0.0351,0.5263,0.3333,0.0351,0.1404,1.614,0.0351,0.7018,0.5789,0.7018,0.7018,0.8947,0.0175,0.7193,0.4386,0.193,2.2631,0.3509,5,0.0702,29312,3.8,742631,2,86560.28967,2020
Santa Barbara,51.72404371584697,2020,4.3,(2.1-6.5),06083,2733.934359458086,444895,159317,148309,NA,12848,NA,50146,68020,99039,44270,8099,249566,44724,22417,6841,15334,8647,20618,NA,5.7,NA,18.2,15.3,22.3,10.1,5.5,56.1,10.7,14.1,4.3,10.3,5.8,4.6,NA,0.3684,NA,0.7018,3.0702,0.614,0.4035,0.6316,0.1404,0.4386,2.4562,0.5439,0.5965,0.8421,0.5965,0.5965,0.8421,0.3158,0.9474,0.6491,0.807,3.5614,0.9825,9.6843,0.807,43302,9.9,471508,16,2466.5727300000003,2020
Santa Clara,55.967213114754124,2020,7.5,(6.0-9.1),06085,1291.083666591338,1924379,668896,635314,NA,44527,NA,150958,259988,421988,155216,27421,1334735,158711,150848,19220,51362,33974,36212,NA,4.2,NA,11.3,13.5,21.9,8.1,4.3,69.4,8.8,22.6,2.9,8.1,5.3,1.9,NA,0.0702,NA,0.386,0.6492,0.0526,0.2105,0.5614,0.0175,0.2105,1.7017,0.0877,0.8596,0.7018,0.8596,0.8596,0.9474,0.193,0.7895,0.4912,0.4211,2.8422,0.6491,6.0527,0.2105,81041,4.2,2084727,3,402679.711,2020
Santa Cruz,49.85792349726778,2020,7.4,(4.1-10.8),06087,445.107491429568,273170,105819,96275,NA,8880,NA,21131,44913,52286,31219,4607,117761,17443,9199,6591,6591,4982,13138,NA,6.1,NA,11.7,16.4,19.1,11.5,4.8,43.1,6.7,8.7,6.2,6.8,5.2,4.8,NA,0.4386,NA,0.4386,1.7545,0.2807,0.5439,0.193,0.3158,0.2807,1.8948,0.193,0.4386,0.5614,0.4386,0.4386,0.6491,0.4912,0.6491,0.4386,0.8246,3.0526,0.8246,7.1405,0.4035,14114,5.2,259994,2,86573.7083,2020
Shasta,46.84699453551913,2020,14.4,(8.5-20.3),06089,3775.518320596752,179267,78488,70845,NA,4646,NA,11252,36923,38668,32094,4209,37682,1747,3604,9310,2181,4496,3241,NA,5.9,NA,8.9,20.6,21.6,18.1,5.9,21,1,4.6,11.9,3.1,6.3,1.8,NA,0.4035,NA,0.1754,2.4035,0.4561,0.7193,0.4737,0.8772,0.5439,2.7018,0.6667,0.1053,0.0877,0.1053,0.1053,0.3509,0.8246,0.193,0.7018,0.386,2.4563,0.4737,7.6669,0.4737,10935,6.2,180554,17,1090037.3313999998,2020
Siskiyou,48.67759562841529,2020,8,(5.5-10.6),06093,6278.764944355562,43516,24177,19195,NA,1325,NA,3212,10983,8800,8088,765,10638,603,748,2842,641,1184,566,NA,7.4,NA,10.1,25.2,20.2,18.6,4,24.4,1.5,3.1,11.8,3.3,6.2,1.3,NA,0.6667,NA,0.2807,2.772,0.5263,0.8246,0.3158,0.9123,0.1404,2.351,0.4211,0.193,0.1579,0.193,0.193,0.2105,0.807,0.2456,0.6842,0.193,2.1403,0.2456,7.4563,0.4561,2786,6.4,40873,22,394209.5678,2020
Solano,53.819672131147534,2020,14.8,(9.2-20.4),06095,821.828795461666,444538,159055,151191,NA,13075,NA,34830,69968,98625,52311,10454,279212,19940,15035,4495,8402,7147,10780,NA,5.9,NA,11.3,15.7,22.2,12.1,6.9,62.8,4.8,9.5,2.8,5.6,4.7,2.4,NA,0.4035,NA,0.386,1.4035,0.2456,0.4737,0.5965,0.4386,0.7193,2.6842,0.6316,0.7193,0.4561,0.7193,0.7193,0.6667,0.1754,0.5263,0.3158,0.5439,2.2281,0.3158,7.0351,0.386,21737,5,394376,7,307287.192,2020
Sonoma,41.357923497267755,2020,11.9,(8.3-15.4),06097,1575.629111584782,496801,206498,188958,NA,12297,NA,39039,97461,97601,57586,9477,186194,25700,20060,9482,9501,9120,8440,NA,4.6,NA,10.9,19.6,19.6,11.7,5,37.5,5.4,9.7,4.6,5,4.8,1.7,NA,0.1754,NA,0.3509,1.3684,0.2105,0.6491,0.2281,0.3509,0.3333,2.0351,0.2632,0.386,0.4737,0.386,0.386,0.6842,0.3684,0.4561,0.3333,0.3509,2.1929,0.2807,5.9824,0.193,29765,6,466258,21,125331.14032,2020
Stanislaus,66.29234972677591,2020,10.9,(7.8-14.1),06099,1496.016791547988,546235,182239,174826,NA,22357,NA,70126,71230,148177,70846,13203,323273,45979,13192,8157,12438,9973,5187,NA,8.8,NA,20.2,13,27.1,13,7.6,59.2,9.1,7.2,4.5,7.1,5.7,0.9,NA,0.807,NA,0.7719,3.3332,0.7368,0.193,0.8246,0.5088,0.7895,3.0527,0.8246,0.6491,0.7368,0.6491,0.6491,0.5263,0.3509,0.6842,0.6316,0.0175,2.2105,0.2982,9.2455,0.7193,30491,5.6,530164,1,396824,2020
Tehama,56.83879781420762,2020,11.5,(7.8-15.2),06103,2949.13562463268,64176,27618,24661,NA,2427,NA,6241,12707,15329,12118,1557,20903,1884,556,5337,1028,1794,836,NA,8.9,NA,14.1,19.8,23.9,19,6.3,32.6,3.1,2,19.3,4.2,7.3,1.3,NA,0.8246,NA,0.5789,3.421,0.7895,0.6842,0.7018,0.9298,0.614,3.2807,0.8596,0.3158,0.3509,0.3158,0.3158,0.0877,0.9298,0.3684,0.8947,0.193,2.4736,0.4912,9.4911,0.7544,3624,5.7,58822,9,1089903.8296,2020
Trinity,42.82798833819241,2020,8,(5.5-10.6),06105,3179.26621591816,12541,8895,5896,NA,417,NA,677,3507,2161,2180,525,2468,89,76,1772,263,403,282,NA,9,NA,7,28,17.2,17.7,8.9,19.7,0.7,0.9,19.9,4.5,6.8,2.2,NA,0.8596,NA,0.1053,3.4035,0.7719,0.9298,0.1579,0.8246,0.9123,2.8597,0.7193,0.0526,0.0351,0.0526,0.0526,0,0.9649,0.4035,0.7895,0.4912,2.6491,0.5789,8.9649,0.614,1280,10.4,9904,7,1177309.4989,2020
Tulare,89.29234972677592,2020,15.5,(12.3-18.6),06107,4823.89694179721,463955,150079,139044,NA,20214,NA,76949,52826,142777,53760,13115,335204,57319,8159,9096,14201,7394,5595,NA,9.9,NA,28.1,11.4,30.8,11.7,9.4,72.2,13.4,5.4,6.1,10.2,5.3,1.2,NA,0.9298,NA,0.9649,4.5438,1,0.0526,1,0.3509,0.9649,3.2982,0.8947,0.9298,0.9298,0.9298,0.9298,0.4035,0.4561,0.9298,0.4912,0.1754,2.456,0.4561,11.2278,0.9298,35869,7.8,466703,8,182648.90569999997,2020
Tuolumne,44.3739376770538,2020,6.9,(4.1-9.7),06109,2220.910147072174,54147,31572,22937,NA,1646,NA,3729,14109,8986,10250,931,11008,262,757,2789,561,1400,3422,NA,7.3,NA,9,26.1,16.6,20,4.1,20.3,0.5,2.4,8.8,2.4,6.1,6.3,NA,0.614,NA,0.193,2.2281,0.4386,0.8421,0.0877,0.9649,0.193,2.1052,0.2982,0.0877,0.0175,0.0877,0.0877,0.1228,0.7018,0.1053,0.6667,0.9123,2.5089,0.5439,6.9299,0.3333,3137,6.1,52976,6,12093.387400000003,2020
Ventura,56.898907103825096,2020,7,(5.1-8.8),06111,1840.788448131504,845599,289425,271639,NA,22114,NA,82261,131672,193847,92514,13366,465628,71885,31444,11241,16793,11671,13099,NA,5.1,NA,14.4,15.6,22.9,11,4.9,55.1,9,10.9,3.9,6.2,4.3,1.5,NA,0.2632,NA,0.5965,2.1755,0.4035,0.4561,0.6667,0.2456,0.3158,2.4035,0.4912,0.5614,0.7193,0.5614,0.5614,0.7544,0.2807,0.5965,0.1754,0.2807,2.0877,0.2281,7.2281,0.4386,70449,8.4,800107,9,3387.6995500000007,2020
Yolo,54.6994535519126,2020,15.5,(8.3-22.6),06113,1014.732376312638,218774,78565,74614,NA,5953,NA,16124,27314,45977,22154,4260,118516,12433,12667,2908,4336,5934,8103,NA,5.6,NA,12.5,12.5,21,10.2,5.7,54.2,6,16.1,3.7,5.8,8,3.7,NA,0.3333,NA,0.5088,2.1403,0.3684,0.1228,0.4211,0.193,0.4912,1.7193,0.1053,0.5263,0.4912,0.5263,0.5263,0.8596,0.2456,0.5439,0.9298,0.7719,3.3508,0.9123,7.7367,0.4912,9433,4.3,234275,8,305496.30512,2020
Alameda,49.945205479452056,2022,9.6,(7.7-11.5),06001,737.458876773714,1663823,622856,585818,NA,45290,NA,128786,243239,332827,157897,27231,1176371,115693,142912,7216,43569,54476,34674,NA,4.9,NA,10.8,14.6,20,9.5,4.6,70.7,7.4,23,1.2,7.4,9.3,2.1,NA,0.1053,NA,0.3684,0.8071,0.0877,0.2807,0.3333,0.0877,0.3333,1.6315,0.0702,0.8421,0.5965,0.8421,0.8421,0.9474,0.0351,0.7193,0.9825,0.4912,3.1755,0.8596,6.4562,0.2807,66485,4,1716655,9,1095.6485,2022
Amador,36.96703296703294,2022,13.9,(9.8-18.1),06005,594.584366047242,40577,18813,15745,NA,1016,NA,3032,10925,6244,6812,408,10184,411,696,1305,433,845,3050,NA,6,NA,9.5,26.9,15.4,18.1,2.5,25.1,1.1,3.7,6.9,2.7,5.4,7.5,NA,0.386,NA,0.2982,1.5614,0.2632,0.8596,0.0351,0.8421,0.0175,1.8596,0.1754,0.1754,0.1053,0.1754,0.1754,0.2456,0.614,0.1754,0.5439,0.9298,2.5087,0.5088,6.1051,0.2281,1817,4.8,39375,2,4482.969,2022
Butte,52.89589041095889,2022,10.4,(7.3-13.6),06007,1636.488965591808,213605,93069,83319,NA,7344,NA,13468,38852,43011,34705,4138,66604,5128,8319,10285,3146,5063,6182,NA,7.1,NA,9.7,18.2,20.1,16.4,5,31.2,2.5,8.9,11.1,3.8,6.1,2.9,NA,0.5789,NA,0.3158,3.035,0.6491,0.5789,0.3684,0.7368,0.4386,2.4034,0.4561,0.2632,0.2807,0.2632,0.2632,0.614,0.807,0.2807,0.7193,0.6316,3.0526,0.807,8.7542,0.5965,13966,6.6,210449,18,819.3761099999999,2022
Calaveras,42.07967032967033,2022,13.9,(9.8-18.1),06009,1020.01868837072,45674,27521,17198,NA,1150,NA,2637,13155,7690,9660,546,9927,254,388,1799,342,355,502,NA,6.2,NA,7.4,28.8,16.8,21.3,3.2,21.7,0.6,1.4,6.5,2,2.1,1.1,NA,0.4211,NA,0.1579,2.1229,0.4035,0.9298,0.0702,0.9825,0.0702,2.0527,0.2807,0.0877,0,0.0877,0.0877,0.0351,0.5439,0.0175,0,0.0877,0.6842,0,4.9475,0.0702,2650,5.8,36233,1,4466.22,2022
Contra Costa,50.89041095890411,2022,11.1,(8.6-13.6),06013,716.89599082121,1162648,424057,408537,NA,35616,NA,83135,190307,258051,130100,23208,690897,65143,55461,6325,22857,20801,11454,NA,5.8,NA,10.3,16.4,22.2,11.2,5.7,59.4,5.9,13.1,1.5,5.6,5.1,1,NA,0.3158,NA,0.3333,0.9825,0.1053,0.4737,0.6316,0.2281,0.5614,2.386,0.4211,0.6316,0.4912,0.6316,0.6316,0.7895,0.0702,0.5088,0.4386,0.0351,1.8422,0.1404,5.8423,0.1754,53839,4.7,994505,9,461.6944,2022
Del Norte,29.89825581395349,2022,9,(3.4-14.6),06015,1006.20105339317,27462,11103,9530,NA,662,NA,3305,5261,5798,4860,425,10786,425,527,2243,282,698,2328,NA,6.3,NA,16.8,19.2,21.1,19.3,4.5,39.3,1.6,4.7,20.2,3,7.3,8.5,NA,0.4737,NA,0.6667,2.5439,0.5263,0.614,0.4386,0.9474,0.2807,2.4561,0.4737,0.4035,0.1754,0.4035,0.4035,0.3684,0.9649,0.2105,0.8947,0.9474,3.3859,0.9298,8.7894,0.614,1537,6.1,27228,1,26.3181,2022
El Dorado,48.69589041095888,2022,10,(6.5-13.6),06017,1707.840348009224,191713,93679,75190,NA,4244,NA,7420,42605,37685,23444,2978,46882,2279,4157,5166,1719,2881,1901,NA,4.6,NA,5.3,22.2,19.7,12.3,3.9,24.5,1.2,4.4,5.5,2.3,3.8,1,NA,0.0877,NA,0.0526,0.5789,0.0702,0.7368,0.2982,0.4211,0.1579,1.7368,0.1053,0.1579,0.1228,0.1579,0.1579,0.2807,0.4561,0.1228,0.1053,0.0351,1,0.0175,3.4736,0.0175,7976,4.2,162103,3,76813.2876,2022
Fresno,75.96164383561643,2022,13.8,(11.3-16.3),06019,5958.379845305886,1008280,339270,318322,NA,39943,NA,135775,125708,282976,128292,27809,732515,95429,32723,13467,33593,23481,18690,NA,8.6,NA,21.7,12.5,28.1,12.9,8.7,72.6,10.2,9.7,4,10.5,7.4,1.9,NA,0.8596,NA,0.8421,4.1754,0.9123,0.0877,0.9298,0.5439,0.9298,3.3158,0.8947,0.9123,0.8246,0.9123,0.9123,0.6316,0.2807,0.9474,0.9123,0.3509,3.1229,0.8421,11.5264,0.9474,71873,7.2,1045165,9,510.86899999999997,2022
Glenn,43.99166666666666,2022,11.4,(7.5-15.3),06021,1313.966997764498,28657,10914,9742,NA,1040,NA,4100,4835,7580,3599,427,14434,2129,1070,1471,401,347,250,NA,7.7,NA,22.2,16.9,26.5,12.7,4.4,50.4,8,9.8,13.5,4.1,3.6,0.9,NA,0.7544,NA,0.8596,3.7369,0.8596,0.5263,0.807,0.4912,0.2281,2.7193,0.6842,0.5088,0.6667,0.5088,0.5088,0.6491,0.8947,0.3158,0.0877,0.0175,1.9648,0.193,8.9298,0.6667,3104,10.9,25914,2,330.57189999999997,2022
Humboldt,26.920547945205474,2022,12.8,(6.7-18.9),06023,3568.02310732444,136132,62306,54495,NA,6162,NA,8177,25688,25608,24235,3387,38716,2232,2820,4814,2264,3794,4137,NA,9.2,NA,8.7,18.9,18.8,17.9,6.2,28.4,1.7,4.5,7.7,4.1,7,3,NA,0.9123,NA,0.2456,3.3684,0.7544,0.5965,0.2105,0.7895,0.6667,2.4562,0.5088,0.2105,0.193,0.2105,0.2105,0.3158,0.6842,0.3158,0.8596,0.6491,2.8245,0.6316,8.8596,0.6491,8305,6.1,133463,7,41702.59099999999,2022
Imperial,76.95342465753424,2022,11,(7.1-14.9),06025,4175.536860234826,179578,56907,47024,NA,9205,NA,31660,23671,51049,24352,4607,162397,32857,4257,5612,4411,2955,8171,NA,13.2,NA,28.7,13.2,28.4,14.2,9.8,90.4,19.8,7.5,9.9,9.4,6.3,4.6,NA,1,NA,1,4.5439,1,0.1579,0.9474,0.6667,1,3.772,1,1,1,1,1,0.5088,0.7544,0.8772,0.7895,0.807,3.7369,0.9825,13.0528,1,11731,6.8,191441,1,25.0047,2022
Inyo,75.6849315068493,2022,13.9,(9.8-18.1),06027,10197.256158329406,18829,9471,7849,NA,426,NA,962,4487,3838,3075,322,7616,167,199,2189,159,405,800,NA,4.9,NA,6.9,23.8,20.4,16.7,4.1,40.4,0.9,2.1,23.1,2.1,5.2,4.2,NA,0.1053,NA,0.1404,1.544,0.2456,0.807,0.4035,0.7544,0.193,2.2281,0.3509,0.4211,0.0702,0.4211,0.4211,0.0526,1,0.0526,0.4737,0.7719,2.3508,0.3684,6.544,0.2982,1238,6.7,18459,3,4201.3695,2022
Kern,87.63287671232881,2022,7.9,(5.1-10.8),06029,8134.669306636574,906883,301687,277499,NA,32872,NA,129756,102703,261013,100653,25534,621664,83768,18921,22460,26670,17883,27027,NA,8.4,NA,23.4,11.3,28.8,11.4,9.2,68.5,10,6.3,7.4,9.6,6.4,3,NA,0.8421,NA,0.8772,4.3859,0.9474,0.0175,0.9649,0.2807,0.9649,3.035,0.807,0.7895,0.807,0.7895,0.7895,0.4386,0.6491,0.8947,0.8246,0.6491,3.4561,0.9649,11.6665,0.9649,68569,7.8,927620,41,4534.617410000002,2022
Los Angeles,85.60273972602735,2022,8.1,(7.4-8.7),06037,4060.244062868932,9936690,3599561,3363093,NA,365544,NA,1364653,1415856,2093072,1045189,199951,7431513,1173967,995678,56730,372330,291082,201521,NA,7,NA,19.7,14.2,21.1,10.6,5.9,74.8,12.5,27.7,1.6,11,8.7,2,NA,0.5614,NA,0.7719,3.7017,0.8246,0.2281,0.4386,0.1579,0.614,2.3509,0.386,0.9649,0.9123,0.9649,0.9649,0.9825,0.0877,0.9825,0.9649,0.4035,3.4211,0.9474,10.4386,0.8596,888735,9,9925418,20,5801.644599999999,2022
Madera,59.068493150684915,2022,10.6,(6.7-14.4),06039,2136.916867024202,157243,49880,43857,NA,7492,NA,27680,22292,42872,20990,3393,107326,18159,2302,3218,4785,1881,6749,NA,11.1,NA,27.9,14.2,27.3,13.9,7.7,68.3,12.4,4.6,6.5,10.9,4.3,4.3,NA,0.9825,NA,0.9649,4.193,0.9298,0.2281,0.9123,0.6491,0.8421,3.5263,0.9649,0.7719,0.8947,0.7719,0.7719,0.3333,0.5439,0.9649,0.2105,0.7895,2.8421,0.6491,11.3333,0.9298,11459,7.6,154468,3,14136.971000000001,2022
Marin,39.47945205479451,2022,7.4,(4.8-10),06041,520.42308346750394,260485,111681,103709,NA,7887,NA,12608,60391,50946,24600,4571,80145,10628,14459,1353,4372,4775,6798,NA,5.8,NA,6.6,23.2,19.6,9.6,4.4,30.8,4.3,13,1.2,4.2,4.6,2.6,NA,0.3158,NA,0.1053,0.5439,0.0526,0.7544,0.2807,0.1053,0.2281,1.772,0.1228,0.2281,0.4035,0.2281,0.2281,0.7719,0.0351,0.3684,0.2807,0.5789,2.035,0.2105,4.579,0.0526,9485,3.7,250460,1,106.161,2022
Mariposa,60.47397260273977,2022,13.9,(9.8-18.1),06043,1448.83886886247,17130,9824,7597,NA,482,NA,1089,5027,2927,3216,469,3897,396,318,1648,290,393,1752,NA,6.2,NA,8.1,29.3,17.1,18.9,6.2,22.7,2.4,3.3,16.8,3.8,5.2,10.2,NA,0.4211,NA,0.2105,2.4036,0.4737,0.9474,0.1228,0.9298,0.6667,2.9299,0.7544,0.1228,0.2632,0.1228,0.1228,0.1754,0.9474,0.2807,0.4737,0.9825,2.8597,0.6667,8.316,0.5439,1228,7.2,15272,5,32696.8657,2022
Mendocino,53.547945205479465,2022,13.9,(9-18.8),06045,3506.804948344802,91145,41380,34557,NA,3811,NA,8620,21197,19250,16931,2418,33894,3818,1847,4113,1708,2771,2437,NA,9.1,NA,13.2,23.3,21.1,18.7,7,37.2,4.4,4.4,9.9,4.9,8,2.7,NA,0.8947,NA,0.5614,3.9824,0.8772,0.7895,0.4386,0.8947,0.7544,3.2983,0.8772,0.3684,0.4211,0.3684,0.3684,0.2807,0.7544,0.4386,0.9474,0.5965,3.0176,0.7719,10.6667,0.8772,8317,9.2,88389,5,233.4987,2022
Merced,59.25753424657534,2022,9.2,(6.3-12.2),06047,1938.003132479464,282290,87895,82760,NA,13272,NA,48122,32222,82317,35696,7948,211136,35832,4109,5939,7161,5918,5553,NA,10.7,NA,28.6,11.4,29.2,12.8,9.6,74.8,13.7,4.6,6.8,8.6,7.2,2,NA,0.9649,NA,0.9825,4.4386,0.9825,0.0351,0.9825,0.5263,0.9825,3.4738,0.9474,0.9649,0.9474,0.9649,0.9649,0.3333,0.5965,0.8246,0.8772,0.4035,3.0351,0.7895,11.9124,0.9825,25206,9,274994,3,396.8195,2022
Monterey,40.4027397260274,2022,6.6,(2.3-11),06053,3281.716303231094,437609,143743,130973,NA,10504,NA,74511,62381,113042,38882,7286,312471,69012,16268,6317,18443,6253,17876,NA,5.3,NA,26.6,14.3,25.8,9.2,5.6,71.4,16.9,11.3,4.4,14,4.8,4.1,NA,0.2105,NA,0.9298,2.9999,0.6316,0.2632,0.7719,0.0702,0.5263,2.6141,0.614,0.8947,0.9825,0.8947,0.8947,0.7544,0.3509,1,0.3684,0.7544,3.2281,0.8772,9.7368,0.807,42022,9.9,449528,5,957.92813,2022
Nevada,59.112328767123316,2022,9.2,(5.8-12.6),06057,957.7597177046,102322,53690,41415,NA,2090,NA,3889,29045,17355,13871,1327,17324,1155,2106,2712,572,1687,1471,NA,4.4,NA,4.9,28.4,17,13.7,3.2,16.9,1.2,4,5.1,1.4,4.1,1.4,NA,0.0351,NA,0.0175,1.3508,0.1754,0.9123,0.0877,0.614,0.0702,1.807,0.1404,0.0175,0.1228,0.0175,0.0175,0.2632,0.4386,0,0.1754,0.1754,1.0526,0.0702,4.2279,0.0351,5713,5.6,95099,8,1098.04106,2022
Orange,54.54246575342465,2022,6.7,(5.5-7.9),06059,792.857361234164,3175227,1130658,1066286,NA,90700,NA,289458,488359,680041,288217,52544,1954051,265062,225367,29954,93131,49514,50842,NA,5.4,NA,13.2,15.4,21.4,9.1,4.9,61.5,8.8,20,2.6,8.8,4.6,1.6,NA,0.2632,NA,0.5614,1.9649,0.3509,0.386,0.5439,0.0526,0.4035,2.0878,0.2982,0.6491,0.7018,0.6491,0.6491,0.8772,0.1404,0.8421,0.2807,0.2281,2.3685,0.4211,7.0703,0.3684,217938,6.9,3474418,3,909.25,2022
Placer,63.08767123287669,2022,10.4,(8.2-12.7),06061,1407.085755339046,406608,173090,152537,NA,8466,NA,14496,81151,89190,45393,6836,126648,6748,13343,4792,3215,5740,5163,NA,4.3,NA,5.1,20,21.9,11.2,4.5,31.1,1.7,7.7,2.8,2.1,3.8,1.3,NA,0.0175,NA,0.0351,0.2631,0,0.6491,0.5789,0.2281,0.2807,1.9298,0.2281,0.2456,0.193,0.2456,0.2456,0.5263,0.1754,0.0526,0.1053,0.1404,1,0.0175,3.4385,0,13509,3.3,421650,13,77248.85511999998,2022
Riverside,103.66849315068501,2022,8.3,(7-9.6),06065,7209.23715958189,2429487,851646,749976,NA,77625,NA,269031,359162,597531,279746,46621,1641404,170207,66012,73733,55498,30337,38475,NA,6.7,NA,16.9,14.8,24.6,11.6,6.3,67.6,7.5,7.7,8.7,7.4,4,1.6,NA,0.5439,NA,0.6842,2.9824,0.614,0.3333,0.7193,0.3158,0.7018,2.6842,0.6667,0.7544,0.614,0.7544,0.7544,0.5263,0.7368,0.7193,0.1579,0.2281,2.3684,0.4035,8.7894,0.614,193874,8.1,2201000,5,34519.52032,2022
Sacramento,59.8958904109589,2022,12.2,(10.1-14.4),06067,965.279327514816,1579211,588894,563856,NA,50165,NA,125208,230399,365288,192518,38583,912521,92721,77566,13540,32335,34973,25735,NA,6.3,NA,11.6,14.6,23.1,12.3,6.9,57.8,6.3,13.2,2.3,5.7,6.2,1.6,NA,0.4737,NA,0.4737,2.2807,0.4211,0.2807,0.6842,0.4211,0.7368,2.6491,0.6491,0.614,0.5263,0.614,0.614,0.807,0.1228,0.5263,0.7544,0.2281,2.4386,0.4737,7.9824,0.5263,80933,5.2,1630416,3,123.12549999999999,2022
San Benito,43.68493150684932,2022,7.1,(4.2-10.1),06069,1388.65101110067,64753,20485,19852,NA,2127,NA,6899,8524,16474,6899,1324,44677,5503,490,740,1381,631,358,NA,6.2,NA,16.3,13.2,25.4,10.7,6.6,69,9.1,2.4,3.6,7,3.2,0.6,NA,0.4211,NA,0.6491,1.7369,0.3158,0.1579,0.7368,0.1754,0.7193,2.5262,0.5614,0.807,0.7368,0.807,0.807,0.1053,0.2456,0.6842,0.0526,0,1.0877,0.0877,6.1578,0.2632,4024,6.2,50218,4,251.95739999999998,2022
San Bernardino,96.02739726027393,2022,9.9,(8.4-11.3),06071,20068.157665243383,2180563,733104,659928,NA,73890,NA,258388,259927,564737,243952,50580,1616784,153635,76647,41493,59941,29933,42848,NA,7.2,NA,18.6,11.9,25.9,11.4,7.7,74.1,7.5,10.5,5.7,9.1,4.5,2,NA,0.5965,NA,0.7368,3.5438,0.807,0.0702,0.7895,0.2807,0.8421,2.5965,0.5965,0.9474,0.614,0.9474,0.9474,0.7193,0.4737,0.8596,0.2456,0.4035,2.7017,0.5965,9.7894,0.8246,183955,8.6,2126853,9,2637.3056000000006,2022
San Diego,68.58356164383561,2022,8.5,(7.5-9.5),06073,4210.264493040512,3289701,1230349,1149157,NA,106617,NA,254837,481993,697372,331418,61885,1856103,187078,274676,42373,78764,62302,99654,NA,6.3,NA,11.3,14.7,21.2,10.4,5.4,56.4,6,22.3,3.4,6.8,5.4,3,NA,0.4737,NA,0.4386,2.3684,0.4386,0.3158,0.4912,0.1228,0.4912,1.9298,0.2281,0.5439,0.5088,0.5439,0.5439,0.9298,0.2281,0.6491,0.5439,0.6491,3,0.7368,7.8421,0.4912,231067,7.3,3445212,27,5846.305478999999,2022
San Joaquin,54.49589041095887,2022,10.6,(8.3-13),06077,1392.237029565068,779445,252327,237423,NA,26331,NA,98025,101414,207464,93701,18469,555868,67320,21738,8253,20266,12376,17746,NA,7.2,NA,19.8,13,26.6,12.2,7.7,71.3,9.3,8.6,3.3,8.5,5.2,2.3,NA,0.5965,NA,0.807,2.8771,0.5614,0.1228,0.8246,0.386,0.8421,2.9474,0.7719,0.8772,0.7719,0.8772,0.8772,0.5789,0.2105,0.807,0.4737,0.5263,2.5964,0.5614,9.2981,0.7368,49738,6.5,767676,1,274.184,2022
San Luis Obispo,56.63561643835616,2022,9,(5.1-12.9),06079,3300.847970845918,281712,123968,108099,NA,6905,NA,15066,59439,49037,36013,4070,93376,8090,7300,9314,3900,4084,14606,NA,5,NA,7.9,21.1,17.4,13,3.8,33.1,3,5.9,7.5,3.6,3.8,5.2,NA,0.1579,NA,0.193,1.4736,0.2105,0.7018,0.1579,0.5614,0.1404,1.8948,0.193,0.2807,0.3333,0.2807,0.2807,0.4211,0.6667,0.2632,0.1053,0.8772,2.3335,0.3509,5.9826,0.2105,16279,5.9,284312,16,680.8419162,2022
San Mateo,39.46849315068493,2022,7.6,(6-9.3),06081,448.605331919206,754250,284211,264323,NA,19184,NA,51598,127520,150187,65466,9372,475035,46949,62701,3111,19366,14752,12030,NA,4.5,NA,9.4,16.9,19.9,8.7,3.5,63,6.6,22.1,1.1,7.3,5.6,1.6,NA,0.0702,NA,0.2632,0.4211,0.0175,0.5263,0.3158,0.0351,0.1228,1.5789,0.0175,0.7018,0.5789,0.7018,0.7018,0.9123,0.0175,0.7018,0.6316,0.2281,2.4913,0.4912,5.1931,0.0877,28253,3.8,758154,3,64.0569,2022
Santa Barbara,48.58356164383562,2022,9.8,(7.3-12.4),06083,2733.933544396764,445213,158807,148032,NA,13414,NA,49700,70948,98581,47547,7732,255584,42843,22575,7212,15215,9256,21595,NA,6,NA,17.9,15.9,22.1,10.9,5.2,57.4,10.2,14.2,4.5,10.3,6.3,4.9,NA,0.386,NA,0.7193,3.0527,0.6667,0.4386,0.614,0.2105,0.4737,2.5614,0.5789,0.5965,0.8246,0.5965,0.5965,0.8246,0.4035,0.9298,0.7895,0.8421,3.7895,1,10.0001,0.8421,42117,9.6,484380,1,123.769,2022
Santa Clara,51.29589041095889,2022,7.4,(6.2-8.6),06085,1291.083668135746,1916831,688287,650352,NA,46592,NA,143756,269943,405816,163504,26990,1357720,157502,159582,19451,50685,37467,39059,NA,4.4,NA,10.7,14.1,21.2,8.6,4.1,70.8,8.7,23.2,2.8,7.8,5.8,2,NA,0.0351,NA,0.3509,0.5088,0.0351,0.2105,0.4912,0.0175,0.193,1.5964,0.0351,0.8596,0.6842,0.8596,0.8596,0.9649,0.1754,0.7719,0.7018,0.4035,3.0175,0.7544,5.9823,0.193,75855,4,2078044,2,117.5044,2022
Shasta,49.55616438356166,2022,5.7,(3.5-7.8),06089,3775.65011419784,181852,79626,71107,NA,5349,NA,10445,38339,39190,32564,4251,41185,1646,3950,9029,2245,4360,3512,NA,6.6,NA,8.1,21.1,21.6,18.1,6,22.6,1,5,11.3,3.1,6.1,1.9,NA,0.5263,NA,0.2105,2.421,0.4912,0.7018,0.5614,0.8421,0.6316,2.8246000000000002,0.7018,0.1053,0.0877,0.1053,0.1053,0.4035,0.8246,0.2281,0.7193,0.3509,2.5264,0.5439,7.8773,0.5088,11911,6.6,184749,5,598.4449,2022
Siskiyou,44.58839779005524,2022,9,(3.4-14.6),06093,6278.76494396946,44049,23013,18768,NA,1337,NA,3035,11610,8872,7918,845,11360,563,769,2865,669,1043,807,NA,7.4,NA,9.4,26.4,20.1,18,4.5,25.8,1.3,3.3,12.4,3.5,5.6,1.8,NA,0.6316,NA,0.2632,2.9298,0.5965,0.8421,0.3684,0.8246,0.2807,2.4737,0.5263,0.193,0.1579,0.193,0.193,0.1754,0.8596,0.2456,0.6316,0.3158,2.228,0.2982,7.8245,0.4737,3110,7.1,42161,21,86271.50333,2022
Sonoma,37.498630136986286,2022,7.8,(5.3-10.3),06097,1575.33157520595,488436,205393,189653,NA,13543,NA,38190,100577,94082,57389,9470,190995,25428,21244,9182,9154,9015,9895,NA,5.2,NA,10.8,20.6,19.3,11.8,5,39.1,5.5,10.4,4.5,4.8,4.8,2,NA,0.1754,NA,0.3684,1.228,0.1579,0.6842,0.2632,0.3509,0.4386,2.2106,0.3333,0.386,0.4737,0.386,0.386,0.6842,0.4035,0.4211,0.3684,0.4035,2.2807,0.3158,6.1053,0.2456,27169,5.6,472625,3,140.3803,2022
Stanislaus,63.6986301369863,2022,11.5,(7.9-15),06099,1496.149483994532,552063,183317,175747,NA,21061,NA,68981,73575,148111,69885,12888,339283,46571,13119,8129,13314,9523,6215,NA,8.2,NA,19.7,13.3,26.8,12.7,7.4,61.5,9.1,7.1,4.4,7.6,5.4,1.1,NA,0.807,NA,0.7719,3.2981,0.7368,0.193,0.8596,0.4912,0.807,3.0876,0.8421,0.6491,0.7368,0.6491,0.6491,0.4737,0.3509,0.7544,0.5439,0.0877,2.2106,0.2807,9.2454,0.7193,33408,6.1,537103,3,554.4781,2022
Tehama,48.47945205479453,2022,11.4,(7.5-15.3),06103,2949.135623860476,65484,27440,24623,NA,2038,NA,5811,13008,15576,12177,1760,22768,2161,794,4398,1104,1521,1008,NA,7.4,NA,12.9,19.9,23.8,18.7,7.2,34.8,3.5,2.9,16,4.5,6.2,1.5,NA,0.6316,NA,0.5439,3.1053,0.6842,0.6316,0.7018,0.8947,0.7719,3.3684,0.9123,0.3158,0.3684,0.3158,0.3158,0.1404,0.9298,0.386,0.7544,0.193,2.4036,0.4386,9.1931,0.7018,4300,6.6,60772,5,1128.1498,2022
Trinity,42.98583569405098,2022,9,(3.4-14.6),06105,3179.26621591816,15889,8201,5483,NA,413,NA,596,4396,2608,2467,299,3356,436,49,1288,270,242,297,NA,7.4,NA,4.7,27.7,16.4,15.7,5.4,21.1,2.8,0.6,15.7,4.9,4.4,1.9,NA,0.6316,NA,0,2.8071,0.5439,0.8947,0.0526,0.7018,0.4912,2.4561,0.4737,0.0702,0.3158,0.0702,0.0702,0,0.9123,0.4386,0.2281,0.3509,1.9299,0.1754,7.2633,0.4211,2074,13.2,13919,3,30177.176999999996,2022
Tulare,82.92876712328766,2022,7.2,(4.5-9.8),06107,4823.89694179721,473446,151190,140670,NA,18919,NA,74459,54353,142992,55250,12764,348084,55661,7454,10062,13553,6643,6070,NA,9,NA,26.5,11.5,30.2,11.8,9,73.5,12.7,4.9,6.7,9.6,4.7,1.3,NA,0.8772,NA,0.9123,4.386,0.9649,0.0526,1,0.3509,0.9474,3.2807,0.8596,0.9298,0.9298,0.9298,0.9298,0.386,0.5789,0.8947,0.3509,0.1404,2.3509,0.386,10.9474,0.9123,37244,7.9,476629,5,1872.5369800000003,2022
Tuolumne,39.27600000000001,2022,13.9,(9.8-18.1),06109,2220.910147458276,54993,31447,22831,NA,1895,NA,3173,14987,9333,11142,1051,11446,318,930,2522,483,1266,3329,NA,8.3,NA,7.5,27.3,17,21.3,4.6,20.8,0.6,3,8,2.1,5.5,6.1,NA,0.8246,NA,0.1754,2.5088,0.5088,0.8772,0.0877,0.9825,0.3333,2.2807,0.3684,0.0526,0,0.0526,0.0526,0.1579,0.7018,0.0526,0.614,0.8947,2.421,0.4561,7.2631,0.4035,3146,6,54547,4,2951.4514999999997,2022
Ventura,55.47123287671235,2022,9.9,(7-12.8),06111,1840.774104056102,842009,293491,275653,NA,22989,NA,84266,137596,187695,94179,13091,475757,70594,32487,12061,17952,11668,14154,NA,5.3,NA,14.6,16.3,22.3,11.3,4.8,56.5,8.9,11,4.1,6.5,4.2,1.7,NA,0.2105,NA,0.614,2.1052,0.386,0.4561,0.6491,0.2632,0.386,2.4737,0.5263,0.5614,0.7193,0.5614,0.5614,0.7368,0.2982,0.5789,0.193,0.2982,2.1051,0.2281,7.2454,0.386,68574,8.2,812311,5,85.19032,2022
