COUNTY,AQI,YEARS,CURRENT PREVALENCE,RPL_THEME1,RPL_THEME2,RPL_THEME3,RPL_THEME4,RPL_THEMES,Fire_Count,GIS_ACRES
Alpine,32.791666666666664,2016,9.3,0.5614,0.7895,0.2105,0.193,0.4737,1,649.876
Amador,40.99180327868852,2016,9.3,0.4561,0.5263,0.1404,0.1404,0.2105,8,773.1811
Butte,60.44535519125685,2016,9.4,0.6491,0.4211,0.2632,0.7368,0.614,6,1640.2214999999999
Calaveras,54.128415300546436,2016,9.3,0.2807,0.5965,0,0.0175,0.0877,11,1343.9121999999998
El Dorado,59.83333333333336,2016,12.1,0.1228,0.3333,0.1579,0.0526,0.0526,4,5894.238600000001
Fresno,84.2295081967213,2016,11.3,0.9474,0.807,0.9123,0.8421,0.9649,18,16393.7653
Glenn,47.68232044198897,2016,7.3,0.807,0.9649,0.6316,0.5439,0.8596,1,1.59758
Humboldt,40.855191256830594,2016,12.5,0.5263,0.4912,0.193,0.6667,0.5263,5,682.6810700000002
Inyo,56.83060109289619,2016,9.3,0.2281,0.6667,0.386,0.8246,0.4912,5,1920.9772
Kern,86.58469945355193,2016,16.7,0.9298,0.614,0.8596,0.9298,0.9298,32,80102.46433800003
Lake,33.83287671232877,2016,17.3,0.8947,0.9825,0.2807,0.4912,0.7895,9,4280.170500000001
Los Angeles,88.08469945355195,2016,7.8,0.614,0.193,0.9649,0.9123,0.7368,34,48786.20603060001
Madera,69.39344262295084,2016,10.3,0.8246,0.8421,0.8947,0.7544,0.9123,5,1289.8673
Marin,38.30054644808744,2016,6.8,0,0.1228,0.3333,0.3684,0.0702,2,1.194435
Mariposa,55.97814207650275,2016,9.3,0.4386,0.4737,0.1053,0.2281,0.2456,27,1154.1480786000006
Mendocino,40.3653846153846,2016,9.3,0.6667,0.7368,0.4035,0.7895,0.6842,3,100.10539999999999
Merced,63.73497267759564,2016,10.3,0.9825,0.9474,0.9298,0.6842,0.9825,3,1386.7921
Mono,125.02459016393446,2016,9.3,0.2982,0,0.4561,0.2982,0.1228,5,9054.8419
Monterey,43.23497267759565,2016,8.8,0.5965,0.2632,0.9474,0.8596,0.7193,12,185334.60290000003
Napa,45.21584699453555,2016,NA,0.1404,0.2982,0.5614,0.614,0.3333,3,5788.2198
Nevada,56.666666666666636,2016,6.2,0.1754,0.2456,0.0877,0.0702,0.0351,3,72.4144
Orange,62.10109289617486,2016,6.7,0.2456,0.1579,0.7368,0.386,0.2807,9,478.46580000000006
Placer,53.91803278688523,2016,8.4,0.0351,0.3509,0.2281,0.0351,0.0175,9,5967.162030000001
Plumas,46.59718309859153,2016,7.2,0.3509,0.5088,0.0351,0.1754,0.1754,2,260.5727
Riverside,95.02185792349728,2016,10.2,0.7018,0.5439,0.6491,0.5263,0.6667,7,1776.75989
Sacramento,63.37704918032785,2016,9.6,0.5789,0.6316,0.5088,0.4386,0.5965,5,536.33137
San Benito,42.63661202185794,2016,5.3,0.5088,0.2807,0.7018,0.0877,0.386,5,446.5764
San Bernardino,99.40163934426236,2016,10.6,0.7544,0.4561,0.7895,0.7018,0.807,8,45387.2187
San Diego,73.89890710382511,2016,7.1,0.3333,0.1754,0.5263,0.6491,0.4211,11,9166.039240000002
San Luis Obispo,57.80327868852457,2016,5.9,0.1579,0.1404,0.3158,0.5965,0.1579,13,48684.46410000001
Santa Barbara,52.60928961748635,2016,6.2,0.4035,0.2281,0.7018,0.9825,0.6316,6,53022.8604
Santa Clara,48.644808743169406,2016,6,0.0526,0.0351,0.8246,0.5789,0.2281,3,4682.83
Santa Cruz,37.202185792349724,2016,11.3,0.3158,0.0877,0.4737,0.7719,0.3684,1,4474.12
Shasta,46.95355191256832,2016,7.3,0.386,0.7544,0.1228,0.4737,0.4561,4,458.0529
Siskiyou,28.61325966850829,2016,7.2,0.7193,0.7018,0.1754,0.4211,0.5789,15,36781.448133900005
Solano,47.590163934426215,2016,13.3,0.3684,0.5789,0.5789,0.3333,0.5088,1,58.7602
Sonoma,35.96994535519125,2016,8.1,0.2105,0.3158,0.4211,0.2632,0.193,2,1561.2415
Stanislaus,67.04918032786887,2016,13.4,0.8421,0.7719,0.6842,0.2807,0.7719,4,241.65349999999998
Sutter,62.773224043715864,2016,8.1,0.7368,0.8596,0.614,0.3509,0.7018,1,315.76
Tehama,55.98907103825138,2016,7.3,0.8596,1,0.3333,0.4035,0.7544,14,1115.1454600000002
Trinity,50.71257485029939,2016,7.2,0.5439,0.8947,0,0.2105,0.4386,2,29.642680000000002
Tulare,87.07650273224044,2016,8.6,0.9649,0.7193,0.9649,0.4561,0.8947,10,42330.78396
Tuolumne,56.717514124293814,2016,9.3,0.4211,0.4386,0.0702,0.5088,0.3158,10,1228.2553687999998
Ventura,58.625683060109296,2016,6.7,0.2632,0.386,0.6491,0.2456,0.3509,15,2511.425887
Yolo,45.59016393442622,2016,6.6,0.4912,0.1053,0.4912,0.8947,0.5439,3,5978.9709
Alameda,62.64383561643838,2018,8.8,0.1754,0.0702,0.7544,0.8421,0.3684,2,702.3484
Amador,43.41758241758242,2018,13.6,0.386,0.5088,0.1228,0.4211,0.2807,1,824.978
Butte,73.16164383561649,2018,11,0.6491,0.5789,0.2632,0.8596,0.614,6,155142.31979999997
Calaveras,63.28846153846156,2018,13.6,0.2632,0.7368,0.0351,0,0.1053,7,12295.98925
Colusa,56.052054794520544,2018,11.8,0.5439,0.8246,0.8947,0.1228,0.6316,2,425398.9
Contra Costa,59.81643835616441,2018,11.8,0.1053,0.4211,0.5614,0.1053,0.1754,1,247.05
Del Norte,33.95555555555556,2018,13.2,0.8421,0.8596,0.2982,0.9825,0.8772,2,38122.737890000004
El Dorado,58.08493150684932,2018,6.7,0.0877,0.2982,0.1579,0.0351,0.0351,5,594.4578
Fresno,82.30410958904109,2018,13.3,0.9298,0.7719,0.9123,0.7368,0.9298,16,2258.12242
Glenn,46.17906336088153,2018,11.8,0.7719,0.9298,0.5965,0.1404,0.6842,4,412651.0924
Humboldt,39.271232876712325,2018,11.6,0.614,0.5789,0.2105,0.7895,0.5965,6,4038.0772400000005
Inyo,62.42465753424658,2018,13.6,0.2807,0.4737,0.386,0.6842,0.386,3,6271.969999999999
Kern,90.6958904109589,2018,9.9,0.9474,0.6316,0.8596,0.9298,0.9649,23,4867.580055
Kings,75.65479452054794,2018,10.3,0.9123,0.6667,0.8421,0.8947,0.8947,2,73.3264
Lake,34.72268907563026,2018,9.6,0.8246,0.9825,0.3333,0.4737,0.7193,9,474659.97505999997
Los Angeles,87.57260273972601,2018,7.9,0.5789,0.2281,0.9649,0.9474,0.7719,27,95053.04197179999
Madera,64.65753424657535,2018,11.8,0.8947,0.807,0.8772,0.7018,0.9123,4,14299.7961
Marin,48.479452054794535,2018,6.4,0,0.1228,0.3509,0.3333,0.0877,1,1.35455
Mariposa,68.7342465753424,2018,13.6,0.4561,0.4386,0.1053,0.2281,0.2456,6,101953.16059999999
Mendocino,51.24725274725272,2018,5.3,0.7018,0.9298,0.4211,0.6491,0.7018,3,460061.684
Merced,65.17260273972602,2018,9.8,0.9825,0.8947,0.9298,0.7544,0.9825,3,6305.05504
Mono,45.87671232876714,2018,13.6,0.1754,0,0.4035,0.1579,0.0702,4,7729.0035
Monterey,44.545205479452044,2018,5.3,0.5614,0.3333,0.9298,0.807,0.7368,8,3859.8578
Napa,50.373626373626365,2018,13.8,0.1579,0.2982,0.5263,0.6316,0.3333,8,92581.12391000001
Nevada,55.1460055096419,2018,9.4,0.2105,0.386,0.0526,0.0526,0.0526,1,8.58183
Orange,59.57808219178082,2018,5.7,0.2982,0.1579,0.7193,0.386,0.3158,21,23369.998722730008
Placer,54.12876712328771,2018,7.9,0.0175,0.2807,0.2105,0.0175,0.0175,8,1947.2583600000003
Plumas,49.80857142857142,2018,13.2,0.2456,0.4737,0.0526,0.1754,0.1404,5,153822.03809999998
Riverside,95.22739726027393,2018,9.1,0.6667,0.5263,0.6491,0.4386,0.6491,10,38612.512500000004
Sacramento,68.73424657534247,2018,11.4,0.4912,0.5614,0.5263,0.4561,0.5614,4,399.6909
San Benito,46.21917808219179,2018,NA,0.4561,0.3684,0.7368,0.0877,0.3509,9,2715.2127000000005
San Bernardino,100.40821917808222,2018,9.6,0.7895,0.4561,0.7719,0.7193,0.8246,8,1760.6184
San Diego,71.84931506849314,2018,8.5,0.3684,0.1754,0.5088,0.6667,0.4211,16,1506.9213499000002
San Joaquin,68.20547945205482,2018,12.6,0.7368,0.6842,0.7719,0.5614,0.7895,2,11823.2354
San Luis Obispo,55.30136986301368,2018,5.4,0.1404,0.193,0.3158,0.4912,0.1579,19,1527.552645
Santa Barbara,52.205479452054796,2018,NA,0.4386,0.2632,0.7018,0.9649,0.6667,9,1990.9919999999997
Santa Clara,56.63287671232882,2018,9.5,0.0526,0.0351,0.7719,0.5789,0.2281,2,441.748
Santa Cruz,44.673972602739745,2018,8.3,0.4035,0.1053,0.4912,0.7719,0.4561,2,24.66638
Shasta,51.46849315068493,2018,6.9,0.4211,0.7895,0.1404,0.5263,0.4737,15,343557.12971
Siskiyou,55.73150684931512,2018,13.2,0.5263,0.7544,0.1754,0.3684,0.5088,18,76742.136143
Solano,53.66849315068491,2018,12.5,0.3509,0.614,0.5614,0.2456,0.4386,1,2158.43
Sonoma,44.00273972602741,2018,12.1,0.2281,0.2456,0.4386,0.2982,0.2105,2,13.895902999999999
Stanislaus,69.29863013698629,2018,8.1,0.8421,0.7018,0.6667,0.2632,0.7544,4,11905.5611
Sutter,67.45753424657536,2018,16,0.7895,0.9123,0.6842,0.4035,0.807,3,1355.5859
Tehama,55.558904109589015,2018,11.8,0.8772,1,0.3684,0.5439,0.8596,11,11618.557899999998
Trinity,55.948453608247426,2018,13.2,0.6316,0.8596,0.0175,0.2807,0.4912,5,295282.94299999997
Tulare,87.28219178082193,2018,9.5,0.9649,0.7018,0.9649,0.5965,0.9474,10,8439.74506
Tuolumne,48.879310344827566,2018,13.6,0.3333,0.386,0.0877,0.3158,0.193,10,134146.52434000003
Ventura,61.49589041095888,2018,6.6,0.3158,0.3509,0.6316,0.193,0.2982,62,94449.72630525996
Yolo,52.224657534246596,2018,11.3,0.5088,0.0526,0.4737,0.9123,0.5439,3,90665.4152
Alameda,57.161202185792376,2020,7.5,0.1053,0.0702,0.8596,0.8772,0.2807,1,396824
Amador,38.45403899721447,2020,6.9,0.193,0.1579,0.1754,0.6667,0.2281,2,68.3997
Butte,65.65573770491805,2020,13.3,0.5965,0.4386,0.2456,0.8596,0.5965,16,321773.9012999999
Calaveras,54.68956043956046,2020,6.9,0.4211,0.3509,0.0526,0,0.1053,2,2991.73
Colusa,55.43442622950823,2020,11.5,0.5263,0.9825,0.7368,0.1053,0.5789,6,1338779.3062699998
Contra Costa,54.17759562841533,2020,8.7,0.1228,0.4912,0.6316,0.1228,0.1754,1,396824
Del Norte,43.328767123287676,2020,8,0.5789,0.6842,0.4035,0.9649,0.7719,1,157430
El Dorado,51.584699453551956,2020,8.8,0.0702,0.1228,0.1404,0.0702,0.0175,4,1724.3982999999998
Fresno,87.1612021857923,2020,12.8,0.9298,0.8947,0.9123,0.7719,0.9649,16,415006.8663
Glenn,57.14010989010994,2020,11.5,0.6842,0.9649,0.5088,0.1404,0.6667,5,1034079.29
Humboldt,32.87158469945355,2020,10.3,0.8596,0.4035,0.2105,0.7193,0.6842,6,144188.5892
Imperial,65.09836065573772,2020,10.6,0.9825,1,1,1,1,3,132.58259999999999
Inyo,78.41530054644818,2020,6.9,0.1579,0.3333,0.4035,0.5088,0.2456,1,9150.4
Kern,88.65300546448087,2020,9,0.9649,0.7544,0.807,0.9123,0.9474,34,12213.58725
Kings,77.89617486338803,2020,12.8,0.807,0.807,0.8246,0.7368,0.8596,2,63.3635
Lake,32.68376068376066,2020,11.7,0.8246,0.7895,0.2807,0.2632,0.6316,16,1338241.0720600002
Los Angeles,99.12295081967217,2020,8.7,0.8772,0.4561,0.9825,0.9474,0.8772,40,157634.58316000004
Madera,71.51092896174868,2020,13.7,0.9123,0.9298,0.7719,0.614,0.9123,4,380435.0567
Marin,42.33060109289619,2020,10.7,0,0.1404,0.2632,0.1754,0.0526,4,4925.7463099999995
Mariposa,70.85519125683066,2020,6.9,0.5614,0.7719,0.1228,0.5088,0.5614,5,7083.847559999999
Mendocino,52.10109289617483,2020,9.8,0.8947,0.8421,0.3684,0.7895,0.8947,7,1035270.6114999998
Merced,64.08196721311478,2020,14.7,0.9474,0.9474,0.9649,0.807,0.9825,4,399798.4716
Mono,113.52732240437155,2020,6.9,0.3158,0,0.3333,0.3684,0.1579,6,51170.19849999999
Monterey,47.54918032786882,2020,8.3,0.7193,0.5614,0.8947,0.8421,0.8246,21,213367.32044999997
Napa,46.79726027397261,2020,14.1,0.2105,0.3684,0.4737,0.6842,0.3684,11,372949.58598
Nevada,56.79781420765022,2020,6,0.1754,0.193,0.0175,0.0351,0.0351,1,705.546
Orange,65.03825136612022,2020,7.9,0.3333,0.3158,0.6667,0.4386,0.4211,11,32903.82449000001
Placer,68.14754098360653,2020,10,0.0175,0.2456,0.2281,0.0175,0,13,1354.0344999999998
Plumas,73.24444444444441,2020,8,0.1404,0.2632,0.0351,0.1579,0.0877,9,395463.1749
Riverside,98.120218579235015,2020,7.3,0.7368,0.5965,0.7544,0.4035,0.6491,17,79211.69548
Sacramento,65.08469945355195,2020,9.9,0.4912,0.6316,0.614,0.4211,0.5439,4,6506.119
San Benito,47.92896174863389,2020,10.9,0.4737,0.3684,0.7719,0.0877,0.3158,5,2433.72555
San Bernardino,107.69125683060112,2020,6.7,0.8421,0.614,0.9474,0.6842,0.8421,25,115767.45933000001
San Diego,78.15300546448086,2020,7.2,0.5088,0.1754,0.5614,0.7544,0.5263,8,20715.866699999995
San Joaquin,62.467213114754124,2020,9.2,0.6667,0.7368,0.8421,0.5965,0.7895,2,396912.6926
San Luis Obispo,60.31693989071043,2020,5.7,0.2632,0.0526,0.2982,0.3333,0.1228,58,9940.760789999998
San Mateo,44.934426229508176,2020,11,0.0351,0.0351,0.7018,0.3509,0.0702,2,86560.28967
Santa Barbara,51.72404371584697,2020,4.3,0.614,0.5439,0.5965,0.9825,0.807,16,2466.5727300000003
Santa Clara,55.967213114754124,2020,7.5,0.0526,0.0877,0.8596,0.6491,0.2105,3,402679.711
Santa Cruz,49.85792349726778,2020,7.4,0.2807,0.193,0.4386,0.8246,0.4035,2,86573.7083
Shasta,46.84699453551913,2020,14.4,0.4561,0.6667,0.1053,0.4737,0.4737,17,1090037.3313999998
Siskiyou,48.67759562841529,2020,8,0.5263,0.4211,0.193,0.2456,0.4561,22,394209.5678
Solano,53.819672131147534,2020,14.8,0.2456,0.6316,0.7193,0.3158,0.386,7,307287.192
Sonoma,41.357923497267755,2020,11.9,0.2105,0.2632,0.386,0.2807,0.193,21,125331.14032
Stanislaus,66.29234972677591,2020,10.9,0.7368,0.8246,0.6491,0.2982,0.7193,1,396824
Tehama,56.83879781420762,2020,11.5,0.7895,0.8596,0.3158,0.4912,0.7544,9,1089903.8296
Trinity,42.82798833819241,2020,8,0.7719,0.7193,0.0526,0.5789,0.614,7,1177309.4989
Tulare,89.29234972677592,2020,15.5,1,0.8947,0.9298,0.4561,0.9298,8,182648.90569999997
Tuolumne,44.3739376770538,2020,6.9,0.4386,0.2982,0.0877,0.5439,0.3333,6,12093.387400000003
Ventura,56.898907103825096,2020,7,0.4035,0.4912,0.5614,0.2281,0.4386,9,3387.6995500000007
Yolo,54.6994535519126,2020,15.5,0.3684,0.1053,0.5263,0.9123,0.4912,8,305496.30512
Alameda,49.945205479452056,2022,9.6,0.0877,0.0702,0.8421,0.8596,0.2807,9,1095.6485
Amador,36.96703296703294,2022,13.9,0.2632,0.1754,0.1754,0.5088,0.2281,2,4482.969
Butte,52.89589041095889,2022,10.4,0.6491,0.4561,0.2632,0.807,0.5965,18,819.3761099999999
Calaveras,42.07967032967033,2022,13.9,0.4035,0.2807,0.0877,0,0.0702,1,4466.22
Contra Costa,50.89041095890411,2022,11.1,0.1053,0.4211,0.6316,0.1404,0.1754,9,461.6944
Del Norte,29.89825581395349,2022,9,0.5263,0.4737,0.4035,0.9298,0.614,1,26.3181
El Dorado,48.69589041095888,2022,10,0.0702,0.1053,0.1579,0.0175,0.0175,3,76813.2876
Fresno,75.96164383561643,2022,13.8,0.9123,0.8947,0.9123,0.8421,0.9474,9,510.86899999999997
Glenn,43.99166666666666,2022,11.4,0.8596,0.6842,0.5088,0.193,0.6667,2,330.57189999999997
Humboldt,26.920547945205474,2022,12.8,0.7544,0.5088,0.2105,0.6316,0.6491,7,41702.59099999999
Imperial,76.95342465753424,2022,11,1,1,1,0.9825,1,1,25.0047
Inyo,75.6849315068493,2022,13.9,0.2456,0.3509,0.4211,0.3684,0.2982,3,4201.3695
Kern,87.63287671232881,2022,7.9,0.9474,0.807,0.7895,0.9649,0.9649,41,4534.617410000002
Los Angeles,85.60273972602735,2022,8.1,0.8246,0.386,0.9649,0.9474,0.8596,20,5801.644599999999
Madera,59.068493150684915,2022,10.6,0.9298,0.9649,0.7719,0.6491,0.9298,3,14136.971000000001
Marin,39.47945205479451,2022,7.4,0.0526,0.1228,0.2281,0.2105,0.0526,1,106.161
Mariposa,60.47397260273977,2022,13.9,0.4737,0.7544,0.1228,0.6667,0.5439,5,32696.8657
Mendocino,53.547945205479465,2022,13.9,0.8772,0.8772,0.3684,0.7719,0.8772,5,233.4987
Merced,59.25753424657534,2022,9.2,0.9825,0.9474,0.9649,0.7895,0.9825,3,396.8195
Monterey,40.4027397260274,2022,6.6,0.6316,0.614,0.8947,0.8772,0.807,5,957.92813
Nevada,59.112328767123316,2022,9.2,0.1754,0.1404,0.0175,0.0702,0.0351,8,1098.04106
Orange,54.54246575342465,2022,6.7,0.3509,0.2982,0.6491,0.4211,0.3684,3,909.25
Placer,63.08767123287669,2022,10.4,0,0.2281,0.2456,0.0175,0,13,77248.85511999998
Riverside,103.66849315068501,2022,8.3,0.614,0.6667,0.7544,0.4035,0.614,5,34519.52032
Sacramento,59.8958904109589,2022,12.2,0.4211,0.6491,0.614,0.4737,0.5263,3,123.12549999999999
San Benito,43.68493150684932,2022,7.1,0.3158,0.5614,0.807,0.0877,0.2632,4,251.95739999999998
San Bernardino,96.02739726027393,2022,9.9,0.807,0.5965,0.9474,0.5965,0.8246,9,2637.3056000000006
San Diego,68.58356164383561,2022,8.5,0.4386,0.2281,0.5439,0.7368,0.4912,27,5846.305478999999
San Joaquin,54.49589041095887,2022,10.6,0.5614,0.7719,0.8772,0.5614,0.7368,1,274.184
San Luis Obispo,56.63561643835616,2022,9,0.2105,0.193,0.2807,0.3509,0.2105,16,680.8419162
San Mateo,39.46849315068493,2022,7.6,0.0175,0.0175,0.7018,0.4912,0.0877,3,64.0569
Santa Barbara,48.58356164383562,2022,9.8,0.6667,0.5789,0.5965,1,0.8421,1,123.769
Santa Clara,51.29589041095889,2022,7.4,0.0351,0.0351,0.8596,0.7544,0.193,2,117.5044
Shasta,49.55616438356166,2022,5.7,0.4912,0.7018,0.1053,0.5439,0.5088,5,598.4449
Siskiyou,44.58839779005524,2022,9,0.5965,0.5263,0.193,0.2982,0.4737,21,86271.50333
Sonoma,37.498630136986286,2022,7.8,0.1579,0.3333,0.386,0.3158,0.2456,3,140.3803
Stanislaus,63.6986301369863,2022,11.5,0.7368,0.8421,0.6491,0.2807,0.7193,3,554.4781
Tehama,48.47945205479453,2022,11.4,0.6842,0.9123,0.3158,0.4386,0.7018,5,1128.1498
Trinity,42.98583569405098,2022,9,0.5439,0.4737,0.0702,0.1754,0.4211,3,30177.176999999996
Tulare,82.92876712328766,2022,7.2,0.9649,0.8596,0.9298,0.386,0.9123,5,1872.5369800000003
Tuolumne,39.27600000000001,2022,13.9,0.5088,0.3684,0.0526,0.4561,0.4035,4,2951.4514999999997
Ventura,55.47123287671235,2022,9.9,0.386,0.5263,0.5614,0.2281,0.386,5,85.19032
